;model_name;config;dropout;train_loss;train_rmse;train_mae;train_mape;valid_loss;valid_rmse;valid_mae;valid_mape;test_rmse;test_mae;test_mape;epochs;batch_train;input_shape;total_time;time_step;splits
0;model6_1_l-10;{'name': 'model6_1_l-10', 'layers': [{'type': 'lstm', 'cells': 10, 'dropout': 0, 'stateful': True, 'ret_seq': False}], 'batch_size': 16, 'timesteps': 1};0.0;0.5732527398544609;0.0;0.49598269370857656;0.0;0.12984354201114118;0.0;0.28768726858762234;0.0;0.0;0.0;0.0;2/50;16.0;(16184, [1], 77);16.010039806365967;0.0;[0.8]
1;model6_2_l-10_d-0.1;{'name': 'model6_2_l-10_d-0.1', 'layers': [{'type': 'lstm', 'cells': 10, 'dropout': 0.1, 'stateful': True, 'ret_seq': False}], 'batch_size': 16, 'timesteps': 1};0.1;0.5213489761421796;0.0;0.46209803644489444;0.0;0.11473355683876146;0.0;0.2697904068644684;0.0;0.0;0.0;0.0;2/50;16.0;(16184, [1], 77);13.345046520233154;0.0;[0.8]
2;model6_3_l-10_d-0.2;{'name': 'model6_3_l-10_d-0.2', 'layers': [{'type': 'lstm', 'cells': 10, 'dropout': 0.2, 'stateful': True, 'ret_seq': False}], 'batch_size': 16, 'timesteps': 1};0.2;0.5791777399206265;0.0;0.5017037517834358;0.0;0.13825209621376922;0.0;0.29500296590204284;0.0;0.0;0.0;0.0;2/50;16.0;(16184, [1], 77);16.391603231430054;0.0;[0.8]
3;model6_4_l-10_l-10;{'name': 'model6_4_l-10_l-10', 'layers': [{'type': 'lstm', 'cells': 10, 'dropout': 0, 'stateful': True, 'ret_seq': True}, {'type': 'lstm', 'cells': 10, 'dropout': 0, 'stateful': True, 'ret_seq': False}], 'batch_size': 16, 'timesteps': 1};0.0;0.5208643641799449;0.0;0.45936862362735204;0.0;0.11690014601675885;0.0;0.2716000773529015;0.0;0.0;0.0;0.0;3/50;16.0;(16184, [1], 77);24.209482431411743;0.0;[0.8]
4;model6_5_l-10_l-10_d-0.1;{'name': 'model6_5_l-10_l-10_d-0.1', 'layers': [{'type': 'lstm', 'cells': 10, 'dropout': 0.1, 'stateful': True, 'ret_seq': True}, {'type': 'lstm', 'cells': 10, 'dropout': 0.1, 'stateful': True, 'ret_seq': False}], 'batch_size': 16, 'timesteps': 1};0.1;0.5874160439310174;0.0;0.5047465920890365;0.0;0.1107732760120589;0.0;0.26406010199743923;0.0;0.0;0.0;0.0;3/50;16.0;(16184, [1], 77);28.09287691116333;0.0;[0.8]
5;model6_6_l-10_l-10_d-0.2;{'name': 'model6_6_l-10_l-10_d-0.2', 'layers': [{'type': 'lstm', 'cells': 10, 'dropout': 0.2, 'stateful': True, 'ret_seq': True}, {'type': 'lstm', 'cells': 10, 'dropout': 0.2, 'stateful': True, 'ret_seq': False}], 'batch_size': 16, 'timesteps': 1};0.2;0.5792247669377603;0.0;0.4988830510080229;0.0;0.12365392914576696;0.0;0.27793063289753284;0.0;0.0;0.0;0.0;4/50;16.0;(16184, [1], 77);27.90541982650757;0.0;[0.8]
6;model6_7_l-10_l-20;{'name': 'model6_7_l-10_l-20', 'layers': [{'type': 'lstm', 'cells': 10, 'dropout': 0, 'stateful': True, 'ret_seq': True}, {'type': 'lstm', 'cells': 20, 'dropout': 0, 'stateful': True, 'ret_seq': False}], 'batch_size': 16, 'timesteps': 1};0.0;0.47251669554055953;0.0;0.42759538219944654;0.0;0.11355034379970909;0.0;0.26608579882448263;0.0;0.0;0.0;0.0;5/50;16.0;(16184, [1], 77);27.394548416137695;0.0;[0.8]
7;model6_8_l-10_l-20_d-0.1;{'name': 'model6_8_l-10_l-20_d-0.1', 'layers': [{'type': 'lstm', 'cells': 10, 'dropout': 0.1, 'stateful': True, 'ret_seq': True}, {'type': 'lstm', 'cells': 20, 'dropout': 0.1, 'stateful': True, 'ret_seq': False}], 'batch_size': 16, 'timesteps': 1};0.1;0.5229071070991539;0.0;0.4631041650498017;0.0;0.13017268760111367;0.0;0.28713629365262416;0.0;0.0;0.0;0.0;4/50;16.0;(16184, [1], 77);23.767895221710205;0.0;[0.8]
8;model6_9_l-10_l-20_d-0.2;{'name': 'model6_9_l-10_l-20_d-0.2', 'layers': [{'type': 'lstm', 'cells': 10, 'dropout': 0.2, 'stateful': True, 'ret_seq': True}, {'type': 'lstm', 'cells': 20, 'dropout': 0.2, 'stateful': True, 'ret_seq': False}], 'batch_size': 16, 'timesteps': 1};0.2;0.528824094245475;0.0;0.4611436497737804;0.0;0.1358066530584699;0.0;0.2908837503504635;0.0;0.0;0.0;0.0;4/50;16.0;(16184, [1], 77);24.695995807647705;0.0;[0.8]
9;model6_10_l-10_l-10;{'name': 'model6_10_l-10_l-10', 'layers': [{'type': 'lstm', 'cells': 10, 'dropout': 0, 'stateful': True, 'ret_seq': True}, {'type': 'lstm', 'cells': 10, 'dropout': 0, 'stateful': True, 'ret_seq': False}], 'batch_size': 16, 'timesteps': 1};0.0;0.48655564862686784;0.0;0.433384971202746;0.0;0.12783588611032112;0.0;0.28391464065649724;0.0;0.0;0.0;0.0;5/50;16.0;(16184, [1], 77);30.576624870300293;0.0;[0.8]
10;model6_11_l-10_l-10_d-0.1;{'name': 'model6_11_l-10_l-10_d-0.1', 'layers': [{'type': 'lstm', 'cells': 10, 'dropout': 0.1, 'stateful': True, 'ret_seq': True}, {'type': 'lstm', 'cells': 10, 'dropout': 0.1, 'stateful': True, 'ret_seq': False}], 'batch_size': 16, 'timesteps': 1};0.1;0.6005732128246974;0.0;0.5165286507314746;0.0;0.10425884890287082;0.0;0.2560149567330828;0.0;0.0;0.0;0.0;3/50;16.0;(16184, [1], 77);28.18680763244629;0.0;[0.8]
11;model6_12_l-10_l-10_d-0.2;{'name': 'model6_12_l-10_l-10_d-0.2', 'layers': [{'type': 'lstm', 'cells': 10, 'dropout': 0.2, 'stateful': True, 'ret_seq': True}, {'type': 'lstm', 'cells': 10, 'dropout': 0.2, 'stateful': True, 'ret_seq': False}], 'batch_size': 16, 'timesteps': 1};0.2;0.6585891436076319;0.0;0.557777020154689;0.0;0.11472033377331083;0.0;0.2731248011240865;0.0;0.0;0.0;0.0;3/50;16.0;(16184, [1], 77);27.89543390274048;0.0;[0.8]
12;model6_13_l-10_l-10_l-10;{'name': 'model6_13_l-10_l-10_l-10', 'layers': [{'type': 'lstm', 'cells': 10, 'dropout': 0, 'stateful': True, 'ret_seq': True}, {'type': 'lstm', 'cells': 10, 'dropout': 0, 'stateful': True, 'ret_seq': True}, {'type': 'lstm', 'cells': 10, 'dropout': 0, 'stateful': True, 'ret_seq': False}], 'batch_size': 16, 'timesteps': 1};0.0;0.4799349283447261;0.0;0.43645731048435155;0.0;0.11512848761596597;0.0;0.2681019931736559;0.0;0.0;0.0;0.0;7/50;16.0;(16184, [1], 77);39.14526653289795;0.0;[0.8]
13;model6_14_l-10_l-10_l-10_d-0.1;{'name': 'model6_14_l-10_l-10_l-10_d-0.1', 'layers': [{'type': 'lstm', 'cells': 10, 'dropout': 0.1, 'stateful': True, 'ret_seq': True}, {'type': 'lstm', 'cells': 10, 'dropout': 0.1, 'stateful': True, 'ret_seq': True}, {'type': 'lstm', 'cells': 10, 'dropout': 0.1, 'stateful': True, 'ret_seq': False}], 'batch_size': 16, 'timesteps': 1};0.1;0.6058998448067381;0.0;0.5215965239388687;0.0;0.11942789681016071;0.0;0.27353102798656664;0.0;0.0;0.0;0.0;4/50;16.0;(16184, [1], 77);41.987480878829956;0.0;[0.8]
14;model6_15_l-10_l-10_l-10_d-0.2;{'name': 'model6_15_l-10_l-10_l-10_d-0.2', 'layers': [{'type': 'lstm', 'cells': 10, 'dropout': 0.2, 'stateful': True, 'ret_seq': True}, {'type': 'lstm', 'cells': 10, 'dropout': 0.2, 'stateful': True, 'ret_seq': True}, {'type': 'lstm', 'cells': 10, 'dropout': 0.2, 'stateful': True, 'ret_seq': False}], 'batch_size': 16, 'timesteps': 1};0.2;0.6112599498713194;0.0;0.5231510170900041;0.0;0.11867305034273627;0.0;0.2764482710989985;0.0;0.0;0.0;0.0;7/50;16.0;(16184, [1], 77);45.68403697013855;0.0;[0.8]
15;model6_16_l-10_l-10_l-20;{'name': 'model6_16_l-10_l-10_l-20', 'layers': [{'type': 'lstm', 'cells': 10, 'dropout': 0, 'stateful': True, 'ret_seq': True}, {'type': 'lstm', 'cells': 10, 'dropout': 0, 'stateful': True, 'ret_seq': True}, {'type': 'lstm', 'cells': 20, 'dropout': 0, 'stateful': True, 'ret_seq': False}], 'batch_size': 16, 'timesteps': 1};0.0;0.4795151632267646;0.0;0.43263925107285767;0.0;0.12183856484618517;0.0;0.27543749826231806;0.0;0.0;0.0;0.0;6/50;16.0;(16184, [1], 77);50.21281623840332;0.0;[0.8]
16;model6_17_l-10_l-10_l-20_d-0.1;{'name': 'model6_17_l-10_l-10_l-20_d-0.1', 'layers': [{'type': 'lstm', 'cells': 10, 'dropout': 0.1, 'stateful': True, 'ret_seq': True}, {'type': 'lstm', 'cells': 10, 'dropout': 0.1, 'stateful': True, 'ret_seq': True}, {'type': 'lstm', 'cells': 20, 'dropout': 0.1, 'stateful': True, 'ret_seq': False}], 'batch_size': 16, 'timesteps': 1};0.1;0.5891478547161014;0.0;0.5134820262308616;0.0;0.11514268932624323;0.0;0.268767131178981;0.0;0.0;0.0;0.0;4/50;16.0;(16184, [1], 77);37.456332206726074;0.0;[0.8]
17;model6_18_l-10_l-10_l-20_d-0.2;{'name': 'model6_18_l-10_l-10_l-20_d-0.2', 'layers': [{'type': 'lstm', 'cells': 10, 'dropout': 0.2, 'stateful': True, 'ret_seq': True}, {'type': 'lstm', 'cells': 10, 'dropout': 0.2, 'stateful': True, 'ret_seq': True}, {'type': 'lstm', 'cells': 20, 'dropout': 0.2, 'stateful': True, 'ret_seq': False}], 'batch_size': 16, 'timesteps': 1};0.2;0.6169543177170312;0.0;0.5271979364277554;0.0;0.10964862750105486;0.0;0.2631436368026356;0.0;0.0;0.0;0.0;4/50;16.0;(16184, [1], 77);42.91158604621887;0.0;[0.8]
18;model6_19_l-10_l-20;{'name': 'model6_19_l-10_l-20', 'layers': [{'type': 'lstm', 'cells': 10, 'dropout': 0, 'stateful': True, 'ret_seq': True}, {'type': 'lstm', 'cells': 20, 'dropout': 0, 'stateful': True, 'ret_seq': False}], 'batch_size': 16, 'timesteps': 1};0.0;0.521549401384616;0.0;0.4628079913749978;0.0;0.1077253978312163;0.0;0.25905178645902344;0.0;0.0;0.0;0.0;3/50;16.0;(16184, [1], 77);26.868873119354248;0.0;[0.8]
19;model6_20_l-10_l-20_d-0.1;{'name': 'model6_20_l-10_l-20_d-0.1', 'layers': [{'type': 'lstm', 'cells': 10, 'dropout': 0.1, 'stateful': True, 'ret_seq': True}, {'type': 'lstm', 'cells': 20, 'dropout': 0.1, 'stateful': True, 'ret_seq': False}], 'batch_size': 16, 'timesteps': 1};0.1;0.5508494905975494;0.0;0.4851803740184888;0.0;0.13872375763897407;0.0;0.2950884723058431;0.0;0.0;0.0;0.0;4/50;16.0;(16184, [1], 77);28.765925645828247;0.0;[0.8]
20;model6_21_l-10_l-20_d-0.2;{'name': 'model6_21_l-10_l-20_d-0.2', 'layers': [{'type': 'lstm', 'cells': 10, 'dropout': 0.2, 'stateful': True, 'ret_seq': True}, {'type': 'lstm', 'cells': 20, 'dropout': 0.2, 'stateful': True, 'ret_seq': False}], 'batch_size': 16, 'timesteps': 1};0.2;0.6096526396763597;0.0;0.5239956828918682;0.0;0.12973091306423049;0.0;0.2898764972123179;0.0;0.0;0.0;0.0;2/50;16.0;(16184, [1], 77);24.96469736099243;0.0;[0.8]
21;model6_22_l-10_l-20_l-10;{'name': 'model6_22_l-10_l-20_l-10', 'layers': [{'type': 'lstm', 'cells': 10, 'dropout': 0, 'stateful': True, 'ret_seq': True}, {'type': 'lstm', 'cells': 20, 'dropout': 0, 'stateful': True, 'ret_seq': True}, {'type': 'lstm', 'cells': 10, 'dropout': 0, 'stateful': True, 'ret_seq': False}], 'batch_size': 16, 'timesteps': 1};0.0;0.4576649276484426;0.0;0.4216682528627965;0.0;0.11527118252793161;0.0;0.2691493309149058;0.0;0.0;0.0;0.0;9/50;16.0;(16184, [1], 77);44.948174238204956;0.0;[0.8]
22;model6_23_l-10_l-20_l-10_d-0.1;{'name': 'model6_23_l-10_l-20_l-10_d-0.1', 'layers': [{'type': 'lstm', 'cells': 10, 'dropout': 0.1, 'stateful': True, 'ret_seq': True}, {'type': 'lstm', 'cells': 20, 'dropout': 0.1, 'stateful': True, 'ret_seq': True}, {'type': 'lstm', 'cells': 10, 'dropout': 0.1, 'stateful': True, 'ret_seq': False}], 'batch_size': 16, 'timesteps': 1};0.1;0.5614138346289749;0.0;0.48950296763804996;0.0;0.133936864877175;0.0;0.29122047181619276;0.0;0.0;0.0;0.0;6/50;16.0;(16184, [1], 77);42.4783296585083;0.0;[0.8]
23;model6_24_l-10_l-20_l-10_d-0.2;{'name': 'model6_24_l-10_l-20_l-10_d-0.2', 'layers': [{'type': 'lstm', 'cells': 10, 'dropout': 0.2, 'stateful': True, 'ret_seq': True}, {'type': 'lstm', 'cells': 20, 'dropout': 0.2, 'stateful': True, 'ret_seq': True}, {'type': 'lstm', 'cells': 10, 'dropout': 0.2, 'stateful': True, 'ret_seq': False}], 'batch_size': 16, 'timesteps': 1};0.2;0.6644655921817636;0.0;0.5606904892787355;0.0;0.11944603889553558;0.0;0.2750960198590661;0.0;0.0;0.0;0.0;4/50;16.0;(16184, [1], 77);41.867570877075195;0.0;[0.8]
24;model6_25_l-10_l-20_l-20;{'name': 'model6_25_l-10_l-20_l-20', 'layers': [{'type': 'lstm', 'cells': 10, 'dropout': 0, 'stateful': True, 'ret_seq': True}, {'type': 'lstm', 'cells': 20, 'dropout': 0, 'stateful': True, 'ret_seq': True}, {'type': 'lstm', 'cells': 20, 'dropout': 0, 'stateful': True, 'ret_seq': False}], 'batch_size': 16, 'timesteps': 1};0.0;0.48068504342498497;0.0;0.43432342366986576;0.0;0.10508797937395549;0.0;0.25704966935485896;0.0;0.0;0.0;0.0;6/50;16.0;(16184, [1], 77);40.28066849708557;0.0;[0.8]
25;model6_26_l-10_l-20_l-20_d-0.1;{'name': 'model6_26_l-10_l-20_l-20_d-0.1', 'layers': [{'type': 'lstm', 'cells': 10, 'dropout': 0.1, 'stateful': True, 'ret_seq': True}, {'type': 'lstm', 'cells': 20, 'dropout': 0.1, 'stateful': True, 'ret_seq': True}, {'type': 'lstm', 'cells': 20, 'dropout': 0.1, 'stateful': True, 'ret_seq': False}], 'batch_size': 16, 'timesteps': 1};0.1;0.5632003917357664;0.0;0.49069316489955844;0.0;0.12200699705114164;0.0;0.2740662289359192;0.0;0.0;0.0;0.0;5/50;16.0;(16184, [1], 77);36.72325897216797;0.0;[0.8]
26;model6_27_l-10_l-20_l-20_d-0.2;{'name': 'model6_27_l-10_l-20_l-20_d-0.2', 'layers': [{'type': 'lstm', 'cells': 10, 'dropout': 0.2, 'stateful': True, 'ret_seq': True}, {'type': 'lstm', 'cells': 20, 'dropout': 0.2, 'stateful': True, 'ret_seq': True}, {'type': 'lstm', 'cells': 20, 'dropout': 0.2, 'stateful': True, 'ret_seq': False}], 'batch_size': 16, 'timesteps': 1};0.2;0.5511188058709848;0.0;0.4836232976064694;0.0;0.10546295834926538;0.0;0.2616939633568325;0.0;0.0;0.0;0.0;8/50;16.0;(16184, [1], 77);56.804073333740234;0.0;[0.8]
27;model6_28_l-10_l-50;{'name': 'model6_28_l-10_l-50', 'layers': [{'type': 'lstm', 'cells': 10, 'dropout': 0, 'stateful': True, 'ret_seq': True}, {'type': 'lstm', 'cells': 50, 'dropout': 0, 'stateful': True, 'ret_seq': False}], 'batch_size': 16, 'timesteps': 1};0.0;0.47002830142581237;0.0;0.4246939325472628;0.0;0.13104014246180506;0.0;0.28945258720824035;0.0;0.0;0.0;0.0;4/50;16.0;(16184, [1], 77);26.512505292892456;0.0;[0.8]
28;model6_29_l-10_l-50_d-0.1;{'name': 'model6_29_l-10_l-50_d-0.1', 'layers': [{'type': 'lstm', 'cells': 10, 'dropout': 0.1, 'stateful': True, 'ret_seq': True}, {'type': 'lstm', 'cells': 50, 'dropout': 0.1, 'stateful': True, 'ret_seq': False}], 'batch_size': 16, 'timesteps': 1};0.1;0.49884718741844;0.0;0.447625054122491;0.0;0.13557528855168435;0.0;0.2958006035204571;0.0;0.0;0.0;0.0;4/50;16.0;(16184, [1], 77);35.86950135231018;0.0;[0.8]
29;model6_30_l-10_l-50_d-0.2;{'name': 'model6_30_l-10_l-50_d-0.2', 'layers': [{'type': 'lstm', 'cells': 10, 'dropout': 0.2, 'stateful': True, 'ret_seq': True}, {'type': 'lstm', 'cells': 50, 'dropout': 0.2, 'stateful': True, 'ret_seq': False}], 'batch_size': 16, 'timesteps': 1};0.2;0.5309593676876079;0.0;0.46492691777361045;0.0;0.13025304244019756;0.0;0.2911129359635386;0.0;0.0;0.0;0.0;5/50;16.0;(16184, [1], 77);31.83661985397339;0.0;[0.8]
30;model6_31_l-10_l-50_l-10;{'name': 'model6_31_l-10_l-50_l-10', 'layers': [{'type': 'lstm', 'cells': 10, 'dropout': 0, 'stateful': True, 'ret_seq': True}, {'type': 'lstm', 'cells': 50, 'dropout': 0, 'stateful': True, 'ret_seq': True}, {'type': 'lstm', 'cells': 10, 'dropout': 0, 'stateful': True, 'ret_seq': False}], 'batch_size': 16, 'timesteps': 1};0.0;0.48166351069032004;0.0;0.4390263314668563;0.0;0.11215824566984384;0.0;0.26299001460913385;0.0;0.0;0.0;0.0;6/50;16.0;(16184, [1], 77);49.95824337005615;0.0;[0.8]
31;model6_32_l-10_l-50_l-10_d-0.1;{'name': 'model6_32_l-10_l-50_l-10_d-0.1', 'layers': [{'type': 'lstm', 'cells': 10, 'dropout': 0.1, 'stateful': True, 'ret_seq': True}, {'type': 'lstm', 'cells': 50, 'dropout': 0.1, 'stateful': True, 'ret_seq': True}, {'type': 'lstm', 'cells': 10, 'dropout': 0.1, 'stateful': True, 'ret_seq': False}], 'batch_size': 16, 'timesteps': 1};0.1;0.5427533758387467;0.0;0.4796840398951131;0.0;0.10333609486939294;0.0;0.25601557317641704;0.0;0.0;0.0;0.0;7/50;16.0;(16184, [1], 77);56.93742895126343;0.0;[0.8]
32;model6_33_l-10_l-50_l-10_d-0.2;{'name': 'model6_33_l-10_l-50_l-10_d-0.2', 'layers': [{'type': 'lstm', 'cells': 10, 'dropout': 0.2, 'stateful': True, 'ret_seq': True}, {'type': 'lstm', 'cells': 50, 'dropout': 0.2, 'stateful': True, 'ret_seq': True}, {'type': 'lstm', 'cells': 10, 'dropout': 0.2, 'stateful': True, 'ret_seq': False}], 'batch_size': 16, 'timesteps': 1};0.2;0.570115967581166;0.0;0.5030019359918696;0.0;0.12049103059833592;0.0;0.27843355785797136;0.0;0.0;0.0;0.0;8/50;16.0;(16184, [1], 77);67.92936444282532;0.0;[0.8]
33;model6_34_l-10_l-50_l-20;{'name': 'model6_34_l-10_l-50_l-20', 'layers': [{'type': 'lstm', 'cells': 10, 'dropout': 0, 'stateful': True, 'ret_seq': True}, {'type': 'lstm', 'cells': 50, 'dropout': 0, 'stateful': True, 'ret_seq': True}, {'type': 'lstm', 'cells': 20, 'dropout': 0, 'stateful': True, 'ret_seq': False}], 'batch_size': 16, 'timesteps': 1};0.0;0.5035209314303636;0.0;0.45193098211944177;0.0;0.1315284742982966;0.0;0.2862035022808774;0.0;0.0;0.0;0.0;5/50;16.0;(16184, [1], 77);45.807475328445435;0.0;[0.8]
34;model6_35_l-10_l-50_l-20_d-0.1;{'name': 'model6_35_l-10_l-50_l-20_d-0.1', 'layers': [{'type': 'lstm', 'cells': 10, 'dropout': 0.1, 'stateful': True, 'ret_seq': True}, {'type': 'lstm', 'cells': 50, 'dropout': 0.1, 'stateful': True, 'ret_seq': True}, {'type': 'lstm', 'cells': 20, 'dropout': 0.1, 'stateful': True, 'ret_seq': False}], 'batch_size': 16, 'timesteps': 1};0.1;0.5323272194041052;0.0;0.47866030458282627;0.0;0.1300046625501006;0.0;0.28570949415316677;0.0;0.0;0.0;0.0;8/50;16.0;(16184, [1], 77);48.309345960617065;0.0;[0.8]
35;model6_36_l-10_l-50_l-20_d-0.2;{'name': 'model6_36_l-10_l-50_l-20_d-0.2', 'layers': [{'type': 'lstm', 'cells': 10, 'dropout': 0.2, 'stateful': True, 'ret_seq': True}, {'type': 'lstm', 'cells': 50, 'dropout': 0.2, 'stateful': True, 'ret_seq': True}, {'type': 'lstm', 'cells': 20, 'dropout': 0.2, 'stateful': True, 'ret_seq': False}], 'batch_size': 16, 'timesteps': 1};0.2;0.6602378582630228;0.0;0.555138282542323;0.0;0.13167649191241748;0.0;0.2885269194767617;0.0;0.0;0.0;0.0;4/50;16.0;(16184, [1], 77);41.214234590530396;0.0;[0.8]
36;model6_37_l-24;{'name': 'model6_37_l-24', 'layers': [{'type': 'lstm', 'cells': 24, 'dropout': 0, 'stateful': True, 'ret_seq': False}], 'batch_size': 16, 'timesteps': 1};0.0;0.6401550485850375;0.0;0.5306823245711321;0.0;0.13845986649762876;0.0;0.29605762918691825;0.0;0.0;0.0;0.0;1/50;16.0;(16184, [1], 77);14.437802076339722;0.0;[0.8]
37;model6_38_l-24_d-0.1;{'name': 'model6_38_l-24_d-0.1', 'layers': [{'type': 'lstm', 'cells': 24, 'dropout': 0.1, 'stateful': True, 'ret_seq': False}], 'batch_size': 16, 'timesteps': 1};0.1;0.5231716167101146;0.0;0.45575457304366146;0.0;0.11785092818006726;0.0;0.2714663233128515;0.0;0.0;0.0;0.0;2/50;16.0;(16184, [1], 77);14.994490623474121;0.0;[0.8]
38;model6_39_l-24_d-0.2;{'name': 'model6_39_l-24_d-0.2', 'layers': [{'type': 'lstm', 'cells': 24, 'dropout': 0.2, 'stateful': True, 'ret_seq': False}], 'batch_size': 16, 'timesteps': 1};0.2;0.5199288982617104;0.0;0.4629732908402444;0.0;0.1221348389563621;0.0;0.27681105749884455;0.0;0.0;0.0;0.0;2/50;16.0;(16184, [1], 77);15.163574457168579;0.0;[0.8]
39;model6_40_l-24_l-10;{'name': 'model6_40_l-24_l-10', 'layers': [{'type': 'lstm', 'cells': 24, 'dropout': 0, 'stateful': True, 'ret_seq': True}, {'type': 'lstm', 'cells': 10, 'dropout': 0, 'stateful': True, 'ret_seq': False}], 'batch_size': 16, 'timesteps': 1};0.0;0.5042199887639218;0.0;0.44703288939959923;0.0;0.11762536923391836;0.0;0.271736771237142;0.0;0.0;0.0;0.0;3/50;16.0;(16184, [1], 77);24.800477504730225;0.0;[0.8]
40;model6_41_l-24_l-10_d-0.1;{'name': 'model6_41_l-24_l-10_d-0.1', 'layers': [{'type': 'lstm', 'cells': 24, 'dropout': 0.1, 'stateful': True, 'ret_seq': True}, {'type': 'lstm', 'cells': 10, 'dropout': 0.1, 'stateful': True, 'ret_seq': False}], 'batch_size': 16, 'timesteps': 1};0.1;0.5401426668063598;0.0;0.4775224737961154;0.0;0.11346614497741407;0.0;0.2684202236630539;0.0;0.0;0.0;0.0;4/50;16.0;(16184, [1], 77);30.40755009651184;0.0;[0.8]
41;model6_42_l-24_l-10_d-0.2;{'name': 'model6_42_l-24_l-10_d-0.2', 'layers': [{'type': 'lstm', 'cells': 24, 'dropout': 0.2, 'stateful': True, 'ret_seq': True}, {'type': 'lstm', 'cells': 10, 'dropout': 0.2, 'stateful': True, 'ret_seq': False}], 'batch_size': 16, 'timesteps': 1};0.2;0.5414729948179757;0.0;0.47277730589154626;0.0;0.11015602332161795;0.0;0.2633728465010034;0.0;0.0;0.0;0.0;5/50;16.0;(16184, [1], 77);29.079074382781982;0.0;[0.8]
42;model6_43_l-24_l-20;{'name': 'model6_43_l-24_l-20', 'layers': [{'type': 'lstm', 'cells': 24, 'dropout': 0, 'stateful': True, 'ret_seq': True}, {'type': 'lstm', 'cells': 20, 'dropout': 0, 'stateful': True, 'ret_seq': False}], 'batch_size': 16, 'timesteps': 1};0.0;0.47908599230452764;0.0;0.4284305222912683;0.0;0.12552044785922706;0.0;0.2776205763220787;0.0;0.0;0.0;0.0;4/50;16.0;(16184, [1], 77);29.256007432937622;0.0;[0.8]
43;model6_44_l-24_l-20_d-0.1;{'name': 'model6_44_l-24_l-20_d-0.1', 'layers': [{'type': 'lstm', 'cells': 24, 'dropout': 0.1, 'stateful': True, 'ret_seq': True}, {'type': 'lstm', 'cells': 20, 'dropout': 0.1, 'stateful': True, 'ret_seq': False}], 'batch_size': 16, 'timesteps': 1};0.1;0.5083220615483388;0.0;0.4519154959357124;0.0;0.11979675616626398;0.0;0.2700483039537869;0.0;0.0;0.0;0.0;4/50;16.0;(16184, [1], 77);26.572880029678345;0.0;[0.8]
44;model6_45_l-24_l-20_d-0.2;{'name': 'model6_45_l-24_l-20_d-0.2', 'layers': [{'type': 'lstm', 'cells': 24, 'dropout': 0.2, 'stateful': True, 'ret_seq': True}, {'type': 'lstm', 'cells': 20, 'dropout': 0.2, 'stateful': True, 'ret_seq': False}], 'batch_size': 16, 'timesteps': 1};0.2;0.5093524710232639;0.0;0.45272063144352587;0.0;0.13046030198122457;0.0;0.2881765341994786;0.0;0.0;0.0;0.0;5/50;16.0;(16184, [1], 77);25.444488286972046;0.0;[0.8]
45;model6_46_l-24_l-10;{'name': 'model6_46_l-24_l-10', 'layers': [{'type': 'lstm', 'cells': 24, 'dropout': 0, 'stateful': True, 'ret_seq': True}, {'type': 'lstm', 'cells': 10, 'dropout': 0, 'stateful': True, 'ret_seq': False}], 'batch_size': 16, 'timesteps': 1};0.0;0.5612897104370709;0.0;0.48955471495025976;0.0;0.12058321569151807;0.0;0.2729096070743433;0.0;0.0;0.0;0.0;2/50;16.0;(16184, [1], 77);24.766276836395264;0.0;[0.8]
46;model6_47_l-24_l-10_d-0.1;{'name': 'model6_47_l-24_l-10_d-0.1', 'layers': [{'type': 'lstm', 'cells': 24, 'dropout': 0.1, 'stateful': True, 'ret_seq': True}, {'type': 'lstm', 'cells': 10, 'dropout': 0.1, 'stateful': True, 'ret_seq': False}], 'batch_size': 16, 'timesteps': 1};0.1;0.5314888591326691;0.0;0.4696647100546599;0.0;0.10502324997456652;0.0;0.25518837357216545;0.0;0.0;0.0;0.0;3/50;16.0;(16184, [1], 77);29.1828875541687;0.0;[0.8]
47;model6_48_l-24_l-10_d-0.2;{'name': 'model6_48_l-24_l-10_d-0.2', 'layers': [{'type': 'lstm', 'cells': 24, 'dropout': 0.2, 'stateful': True, 'ret_seq': True}, {'type': 'lstm', 'cells': 10, 'dropout': 0.2, 'stateful': True, 'ret_seq': False}], 'batch_size': 16, 'timesteps': 1};0.2;0.5900532278786005;0.0;0.5097786119698152;0.0;0.12102901690298377;0.0;0.2763474814520024;0.0;0.0;0.0;0.0;4/50;16.0;(16184, [1], 77);29.414212703704834;0.0;[0.8]
48;model6_49_l-24_l-10_l-10;{'name': 'model6_49_l-24_l-10_l-10', 'layers': [{'type': 'lstm', 'cells': 24, 'dropout': 0, 'stateful': True, 'ret_seq': True}, {'type': 'lstm', 'cells': 10, 'dropout': 0, 'stateful': True, 'ret_seq': True}, {'type': 'lstm', 'cells': 10, 'dropout': 0, 'stateful': True, 'ret_seq': False}], 'batch_size': 16, 'timesteps': 1};0.0;0.47691367695635306;0.0;0.4236941199809571;0.0;0.1167728644334665;0.0;0.26718260285140266;0.0;0.0;0.0;0.0;4/50;16.0;(16184, [1], 77);32.50427007675171;0.0;[0.8]
49;model6_50_l-24_l-10_l-10_d-0.1;{'name': 'model6_50_l-24_l-10_l-10_d-0.1', 'layers': [{'type': 'lstm', 'cells': 24, 'dropout': 0.1, 'stateful': True, 'ret_seq': True}, {'type': 'lstm', 'cells': 10, 'dropout': 0.1, 'stateful': True, 'ret_seq': True}, {'type': 'lstm', 'cells': 10, 'dropout': 0.1, 'stateful': True, 'ret_seq': False}], 'batch_size': 16, 'timesteps': 1};0.1;0.5558003627284164;0.0;0.4907339273299216;0.0;0.11166340907537702;0.0;0.26648986402271996;0.0;0.0;0.0;0.0;4/50;16.0;(16184, [1], 77);38.15334963798523;0.0;[0.8]
50;model6_51_l-24_l-10_l-10_d-0.2;{'name': 'model6_51_l-24_l-10_l-10_d-0.2', 'layers': [{'type': 'lstm', 'cells': 24, 'dropout': 0.2, 'stateful': True, 'ret_seq': True}, {'type': 'lstm', 'cells': 10, 'dropout': 0.2, 'stateful': True, 'ret_seq': True}, {'type': 'lstm', 'cells': 10, 'dropout': 0.2, 'stateful': True, 'ret_seq': False}], 'batch_size': 16, 'timesteps': 1};0.2;0.5710527199897247;0.0;0.5015636958062133;0.0;0.10279922166581054;0.0;0.2567256381458575;0.0;0.0;0.0;0.0;6/50;16.0;(16184, [1], 77);45.85392355918884;0.0;[0.8]
51;model6_52_l-24_l-10_l-20;{'name': 'model6_52_l-24_l-10_l-20', 'layers': [{'type': 'lstm', 'cells': 24, 'dropout': 0, 'stateful': True, 'ret_seq': True}, {'type': 'lstm', 'cells': 10, 'dropout': 0, 'stateful': True, 'ret_seq': True}, {'type': 'lstm', 'cells': 20, 'dropout': 0, 'stateful': True, 'ret_seq': False}], 'batch_size': 16, 'timesteps': 1};0.0;0.5307798123502889;0.0;0.47081328706518827;0.0;0.12222678488175763;0.0;0.2774314615543526;0.0;0.0;0.0;0.0;3/50;16.0;(16184, [1], 77);38.76670289039612;0.0;[0.8]
52;model6_53_l-24_l-10_l-20_d-0.1;{'name': 'model6_53_l-24_l-10_l-20_d-0.1', 'layers': [{'type': 'lstm', 'cells': 24, 'dropout': 0.1, 'stateful': True, 'ret_seq': True}, {'type': 'lstm', 'cells': 10, 'dropout': 0.1, 'stateful': True, 'ret_seq': True}, {'type': 'lstm', 'cells': 20, 'dropout': 0.1, 'stateful': True, 'ret_seq': False}], 'batch_size': 16, 'timesteps': 1};0.1;0.5498762690912292;0.0;0.4826108929511201;0.0;0.11542704423871075;0.0;0.2711732546881874;0.0;0.0;0.0;0.0;5/50;16.0;(16184, [1], 77);50.62613081932068;0.0;[0.8]
53;model6_54_l-24_l-10_l-20_d-0.2;{'name': 'model6_54_l-24_l-10_l-20_d-0.2', 'layers': [{'type': 'lstm', 'cells': 24, 'dropout': 0.2, 'stateful': True, 'ret_seq': True}, {'type': 'lstm', 'cells': 10, 'dropout': 0.2, 'stateful': True, 'ret_seq': True}, {'type': 'lstm', 'cells': 20, 'dropout': 0.2, 'stateful': True, 'ret_seq': False}], 'batch_size': 16, 'timesteps': 1};0.2;0.5691298253820433;0.0;0.5014667327899132;0.0;0.11206006174814878;0.0;0.2655663102643915;0.0;0.0;0.0;0.0;6/50;16.0;(16184, [1], 77);52.82107067108154;0.0;[0.8]
54;model6_55_l-24_l-20;{'name': 'model6_55_l-24_l-20', 'layers': [{'type': 'lstm', 'cells': 24, 'dropout': 0, 'stateful': True, 'ret_seq': True}, {'type': 'lstm', 'cells': 20, 'dropout': 0, 'stateful': True, 'ret_seq': False}], 'batch_size': 16, 'timesteps': 1};0.0;0.44874530235749793;0.0;0.400356232797628;0.0;0.12829501770602741;0.0;0.28423969100902574;0.0;0.0;0.0;0.0;5/50;16.0;(16184, [1], 77);24.74712038040161;0.0;[0.8]
55;model6_56_l-24_l-20_d-0.1;{'name': 'model6_56_l-24_l-20_d-0.1', 'layers': [{'type': 'lstm', 'cells': 24, 'dropout': 0.1, 'stateful': True, 'ret_seq': True}, {'type': 'lstm', 'cells': 20, 'dropout': 0.1, 'stateful': True, 'ret_seq': False}], 'batch_size': 16, 'timesteps': 1};0.1;0.530037817555596;0.0;0.4660155280448303;0.0;0.12218848886982639;0.0;0.2759265922895162;0.0;0.0;0.0;0.0;3/50;16.0;(16184, [1], 77);25.1167950630188;0.0;[0.8]
56;model6_57_l-24_l-20_d-0.2;{'name': 'model6_57_l-24_l-20_d-0.2', 'layers': [{'type': 'lstm', 'cells': 24, 'dropout': 0.2, 'stateful': True, 'ret_seq': True}, {'type': 'lstm', 'cells': 20, 'dropout': 0.2, 'stateful': True, 'ret_seq': False}], 'batch_size': 16, 'timesteps': 1};0.2;0.5209835337748928;0.0;0.460159214791394;0.0;0.11080934374713071;0.0;0.2621695629072071;0.0;0.0;0.0;0.0;4/50;16.0;(16184, [1], 77);32.571590185165405;0.0;[0.8]
57;model6_58_l-24_l-20_l-10;{'name': 'model6_58_l-24_l-20_l-10', 'layers': [{'type': 'lstm', 'cells': 24, 'dropout': 0, 'stateful': True, 'ret_seq': True}, {'type': 'lstm', 'cells': 20, 'dropout': 0, 'stateful': True, 'ret_seq': True}, {'type': 'lstm', 'cells': 10, 'dropout': 0, 'stateful': True, 'ret_seq': False}], 'batch_size': 16, 'timesteps': 1};0.0;0.4554439326299283;0.0;0.41321478450696164;0.0;0.11073102595487444;0.0;0.2632522578950566;0.0;0.0;0.0;0.0;7/50;16.0;(16184, [1], 77);41.33512544631958;0.0;[0.8]
58;model6_59_l-24_l-20_l-10_d-0.1;{'name': 'model6_59_l-24_l-20_l-10_d-0.1', 'layers': [{'type': 'lstm', 'cells': 24, 'dropout': 0.1, 'stateful': True, 'ret_seq': True}, {'type': 'lstm', 'cells': 20, 'dropout': 0.1, 'stateful': True, 'ret_seq': True}, {'type': 'lstm', 'cells': 10, 'dropout': 0.1, 'stateful': True, 'ret_seq': False}], 'batch_size': 16, 'timesteps': 1};0.1;0.5034862657334328;0.0;0.4520189524507346;0.0;0.10866299572188666;0.0;0.2623435812863973;0.0;0.0;0.0;0.0;7/50;16.0;(16184, [1], 77);38.6324679851532;0.0;[0.8]
59;model6_60_l-24_l-20_l-10_d-0.2;{'name': 'model6_60_l-24_l-20_l-10_d-0.2', 'layers': [{'type': 'lstm', 'cells': 24, 'dropout': 0.2, 'stateful': True, 'ret_seq': True}, {'type': 'lstm', 'cells': 20, 'dropout': 0.2, 'stateful': True, 'ret_seq': True}, {'type': 'lstm', 'cells': 10, 'dropout': 0.2, 'stateful': True, 'ret_seq': False}], 'batch_size': 16, 'timesteps': 1};0.2;0.5529985519330972;0.0;0.4838113819234009;0.0;0.10602220312904308;0.0;0.25936089658943734;0.0;0.0;0.0;0.0;6/50;16.0;(16184, [1], 77);48.76432681083679;0.0;[0.8]
60;model6_61_l-24_l-20_l-20;{'name': 'model6_61_l-24_l-20_l-20', 'layers': [{'type': 'lstm', 'cells': 24, 'dropout': 0, 'stateful': True, 'ret_seq': True}, {'type': 'lstm', 'cells': 20, 'dropout': 0, 'stateful': True, 'ret_seq': True}, {'type': 'lstm', 'cells': 20, 'dropout': 0, 'stateful': True, 'ret_seq': False}], 'batch_size': 16, 'timesteps': 1};0.0;0.502651480094464;0.0;0.44341581121860685;0.0;0.12326552412279024;0.0;0.2785409629197404;0.0;0.0;0.0;0.0;4/50;16.0;(16184, [1], 77);43.96850323677063;0.0;[0.8]
61;model6_62_l-24_l-20_l-20_d-0.1;{'name': 'model6_62_l-24_l-20_l-20_d-0.1', 'layers': [{'type': 'lstm', 'cells': 24, 'dropout': 0.1, 'stateful': True, 'ret_seq': True}, {'type': 'lstm', 'cells': 20, 'dropout': 0.1, 'stateful': True, 'ret_seq': True}, {'type': 'lstm', 'cells': 20, 'dropout': 0.1, 'stateful': True, 'ret_seq': False}], 'batch_size': 16, 'timesteps': 1};0.1;0.5122621009939055;0.0;0.4605170510000145;0.0;0.1062403335881484;0.0;0.2572401413454278;0.0;0.0;0.0;0.0;6/50;16.0;(16184, [1], 77);44.80762314796448;0.0;[0.8]
62;model6_63_l-24_l-20_l-20_d-0.2;{'name': 'model6_63_l-24_l-20_l-20_d-0.2', 'layers': [{'type': 'lstm', 'cells': 24, 'dropout': 0.2, 'stateful': True, 'ret_seq': True}, {'type': 'lstm', 'cells': 20, 'dropout': 0.2, 'stateful': True, 'ret_seq': True}, {'type': 'lstm', 'cells': 20, 'dropout': 0.2, 'stateful': True, 'ret_seq': False}], 'batch_size': 16, 'timesteps': 1};0.2;0.5494646818891665;0.0;0.48105460574806697;0.0;0.10411659122841192;0.0;0.2554595949552437;0.0;0.0;0.0;0.0;6/50;16.0;(16184, [1], 77);53.88091158866882;0.0;[0.8]
63;model6_64_l-24_l-50;{'name': 'model6_64_l-24_l-50', 'layers': [{'type': 'lstm', 'cells': 24, 'dropout': 0, 'stateful': True, 'ret_seq': True}, {'type': 'lstm', 'cells': 50, 'dropout': 0, 'stateful': True, 'ret_seq': False}], 'batch_size': 16, 'timesteps': 1};0.0;0.47734196799057815;0.0;0.42553858925923427;0.0;0.11541801540291693;0.0;0.2675437856428694;0.0;0.0;0.0;0.0;3/50;16.0;(16184, [1], 77);32.20938491821289;0.0;[0.8]
64;model6_65_l-24_l-50_d-0.1;{'name': 'model6_65_l-24_l-50_d-0.1', 'layers': [{'type': 'lstm', 'cells': 24, 'dropout': 0.1, 'stateful': True, 'ret_seq': True}, {'type': 'lstm', 'cells': 50, 'dropout': 0.1, 'stateful': True, 'ret_seq': False}], 'batch_size': 16, 'timesteps': 1};0.1;0.49044775775298755;0.0;0.43413972574641885;0.0;0.13929168387122526;0.0;0.2933674795497762;0.0;0.0;0.0;0.0;3/50;16.0;(16184, [1], 77);23.135636806488037;0.0;[0.8]
65;model6_66_l-24_l-50_d-0.2;{'name': 'model6_66_l-24_l-50_d-0.2', 'layers': [{'type': 'lstm', 'cells': 24, 'dropout': 0.2, 'stateful': True, 'ret_seq': True}, {'type': 'lstm', 'cells': 50, 'dropout': 0.2, 'stateful': True, 'ret_seq': False}], 'batch_size': 16, 'timesteps': 1};0.2;0.5155621178434385;0.0;0.4536851871440968;0.0;0.11126241349790356;0.0;0.26388599531780377;0.0;0.0;0.0;0.0;4/50;16.0;(16184, [1], 77);38.855801582336426;0.0;[0.8]
66;model6_67_l-24_l-50_l-10;{'name': 'model6_67_l-24_l-50_l-10', 'layers': [{'type': 'lstm', 'cells': 24, 'dropout': 0, 'stateful': True, 'ret_seq': True}, {'type': 'lstm', 'cells': 50, 'dropout': 0, 'stateful': True, 'ret_seq': True}, {'type': 'lstm', 'cells': 10, 'dropout': 0, 'stateful': True, 'ret_seq': False}], 'batch_size': 16, 'timesteps': 1};0.0;0.4711265793439733;0.0;0.43213609806336784;0.0;0.11983925906369591;0.0;0.270811517898104;0.0;0.0;0.0;0.0;6/50;16.0;(16184, [1], 77);40.357091665267944;0.0;[0.8]
67;model6_68_l-24_l-50_l-10_d-0.1;{'name': 'model6_68_l-24_l-50_l-10_d-0.1', 'layers': [{'type': 'lstm', 'cells': 24, 'dropout': 0.1, 'stateful': True, 'ret_seq': True}, {'type': 'lstm', 'cells': 50, 'dropout': 0.1, 'stateful': True, 'ret_seq': True}, {'type': 'lstm', 'cells': 10, 'dropout': 0.1, 'stateful': True, 'ret_seq': False}], 'batch_size': 16, 'timesteps': 1};0.1;0.5791944342473123;0.0;0.5066899790973097;0.0;0.13575383901854257;0.0;0.2928499422303521;0.0;0.0;0.0;0.0;6/50;16.0;(16184, [1], 77);48.87941241264343;0.0;[0.8]
68;model6_69_l-24_l-50_l-10_d-0.2;{'name': 'model6_69_l-24_l-50_l-10_d-0.2', 'layers': [{'type': 'lstm', 'cells': 24, 'dropout': 0.2, 'stateful': True, 'ret_seq': True}, {'type': 'lstm', 'cells': 50, 'dropout': 0.2, 'stateful': True, 'ret_seq': True}, {'type': 'lstm', 'cells': 10, 'dropout': 0.2, 'stateful': True, 'ret_seq': False}], 'batch_size': 16, 'timesteps': 1};0.2;0.566532104636447;0.0;0.49848292908908703;0.0;0.10878970798123444;0.0;0.2613692188838331;0.0;0.0;0.0;0.0;5/50;16.0;(16184, [1], 77);54.5641508102417;0.0;[0.8]
69;model6_70_l-24_l-50_l-20;{'name': 'model6_70_l-24_l-50_l-20', 'layers': [{'type': 'lstm', 'cells': 24, 'dropout': 0, 'stateful': True, 'ret_seq': True}, {'type': 'lstm', 'cells': 50, 'dropout': 0, 'stateful': True, 'ret_seq': True}, {'type': 'lstm', 'cells': 20, 'dropout': 0, 'stateful': True, 'ret_seq': False}], 'batch_size': 16, 'timesteps': 1};0.0;0.4959431364602779;0.0;0.4428640864282957;0.0;0.12033755080497796;0.0;0.27633601615186965;0.0;0.0;0.0;0.0;4/50;16.0;(16184, [1], 77);41.215965270996094;0.0;[0.8]
70;model6_71_l-24_l-50_l-20_d-0.1;{'name': 'model6_71_l-24_l-50_l-20_d-0.1', 'layers': [{'type': 'lstm', 'cells': 24, 'dropout': 0.1, 'stateful': True, 'ret_seq': True}, {'type': 'lstm', 'cells': 50, 'dropout': 0.1, 'stateful': True, 'ret_seq': True}, {'type': 'lstm', 'cells': 20, 'dropout': 0.1, 'stateful': True, 'ret_seq': False}], 'batch_size': 16, 'timesteps': 1};0.1;0.5001456658188967;0.0;0.450295567613818;0.0;0.10915242755176997;0.0;0.2646241620330527;0.0;0.0;0.0;0.0;7/50;16.0;(16184, [1], 77);66.08688259124756;0.0;[0.8]
71;model6_72_l-24_l-50_l-20_d-0.2;{'name': 'model6_72_l-24_l-50_l-20_d-0.2', 'layers': [{'type': 'lstm', 'cells': 24, 'dropout': 0.2, 'stateful': True, 'ret_seq': True}, {'type': 'lstm', 'cells': 50, 'dropout': 0.2, 'stateful': True, 'ret_seq': True}, {'type': 'lstm', 'cells': 20, 'dropout': 0.2, 'stateful': True, 'ret_seq': False}], 'batch_size': 16, 'timesteps': 1};0.2;0.5501244996152864;0.0;0.48398139646417276;0.0;0.1117388674583618;0.0;0.2664930684362898;0.0;0.0;0.0;0.0;5/50;16.0;(16184, [1], 77);43.75832438468933;0.0;[0.8]
72;model6_73_l-50;{'name': 'model6_73_l-50', 'layers': [{'type': 'lstm', 'cells': 50, 'dropout': 0, 'stateful': True, 'ret_seq': False}], 'batch_size': 16, 'timesteps': 1};0.0;0.5853251210438049;0.0;0.498935770201963;0.0;0.12589811566885156;0.0;0.281460225692775;0.0;0.0;0.0;0.0;1/50;16.0;(16184, [1], 77);16.678900957107544;0.0;[0.8]
73;model6_74_l-50_d-0.1;{'name': 'model6_74_l-50_d-0.1', 'layers': [{'type': 'lstm', 'cells': 50, 'dropout': 0.1, 'stateful': True, 'ret_seq': False}], 'batch_size': 16, 'timesteps': 1};0.1;0.5791497055731244;0.0;0.4973902672768671;0.0;0.12580243199326024;0.0;0.2836909392977705;0.0;0.0;0.0;0.0;1/50;16.0;(16184, [1], 77);17.409963846206665;0.0;[0.8]
74;model6_75_l-50_d-0.2;{'name': 'model6_75_l-50_d-0.2', 'layers': [{'type': 'lstm', 'cells': 50, 'dropout': 0.2, 'stateful': True, 'ret_seq': False}], 'batch_size': 16, 'timesteps': 1};0.2;0.6432301647044782;0.0;0.5372574852298305;0.0;0.1363432636913281;0.0;0.29193589327358965;0.0;0.0;0.0;0.0;1/50;16.0;(16184, [1], 77);16.884037017822266;0.0;[0.8]
75;model6_76_l-50_l-10;{'name': 'model6_76_l-50_l-10', 'layers': [{'type': 'lstm', 'cells': 50, 'dropout': 0, 'stateful': True, 'ret_seq': True}, {'type': 'lstm', 'cells': 10, 'dropout': 0, 'stateful': True, 'ret_seq': False}], 'batch_size': 16, 'timesteps': 1};0.0;0.4321892762692514;0.0;0.38830570324481783;0.0;0.10311747351108064;0.0;0.2554469823025831;0.0;0.0;0.0;0.0;6/50;16.0;(16184, [1], 77);45.44905757904053;0.0;[0.8]
76;model6_77_l-50_l-10_d-0.1;{'name': 'model6_77_l-50_l-10_d-0.1', 'layers': [{'type': 'lstm', 'cells': 50, 'dropout': 0.1, 'stateful': True, 'ret_seq': True}, {'type': 'lstm', 'cells': 10, 'dropout': 0.1, 'stateful': True, 'ret_seq': False}], 'batch_size': 16, 'timesteps': 1};0.1;0.48145662453624205;0.0;0.4256452656039054;0.0;0.11955404206464934;0.0;0.2728452795360348;0.0;0.0;0.0;0.0;6/50;16.0;(16184, [1], 77);29.150855779647827;0.0;[0.8]
77;model6_78_l-50_l-10_d-0.2;{'name': 'model6_78_l-50_l-10_d-0.2', 'layers': [{'type': 'lstm', 'cells': 50, 'dropout': 0.2, 'stateful': True, 'ret_seq': True}, {'type': 'lstm', 'cells': 10, 'dropout': 0.2, 'stateful': True, 'ret_seq': False}], 'batch_size': 16, 'timesteps': 1};0.2;0.5330807014687358;0.0;0.47033830246760316;0.0;0.11932453525132768;0.0;0.2730562481475939;0.0;0.0;0.0;0.0;5/50;16.0;(16184, [1], 77);33.45573902130127;0.0;[0.8]
78;model6_79_l-50_l-20;{'name': 'model6_79_l-50_l-20', 'layers': [{'type': 'lstm', 'cells': 50, 'dropout': 0, 'stateful': True, 'ret_seq': True}, {'type': 'lstm', 'cells': 20, 'dropout': 0, 'stateful': True, 'ret_seq': False}], 'batch_size': 16, 'timesteps': 1};0.0;0.46757089755439163;0.0;0.41677191922595386;0.0;0.11645319689950435;0.0;0.2709775413248208;0.0;0.0;0.0;0.0;4/50;16.0;(16184, [1], 77);29.1670343875885;0.0;[0.8]
79;model6_80_l-50_l-20_d-0.1;{'name': 'model6_80_l-50_l-20_d-0.1', 'layers': [{'type': 'lstm', 'cells': 50, 'dropout': 0.1, 'stateful': True, 'ret_seq': True}, {'type': 'lstm', 'cells': 20, 'dropout': 0.1, 'stateful': True, 'ret_seq': False}], 'batch_size': 16, 'timesteps': 1};0.1;0.5011807894990382;0.0;0.44986152289750697;0.0;0.12840668525602114;0.0;0.28369120110084517;0.0;0.0;0.0;0.0;4/50;16.0;(16184, [1], 77);29.73905897140503;0.0;[0.8]
80;model6_81_l-50_l-20_d-0.2;{'name': 'model6_81_l-50_l-20_d-0.2', 'layers': [{'type': 'lstm', 'cells': 50, 'dropout': 0.2, 'stateful': True, 'ret_seq': True}, {'type': 'lstm', 'cells': 20, 'dropout': 0.2, 'stateful': True, 'ret_seq': False}], 'batch_size': 16, 'timesteps': 1};0.2;0.5120390984765053;0.0;0.4553852973618672;0.0;0.12008273173215808;0.0;0.27576569829246783;0.0;0.0;0.0;0.0;5/50;16.0;(16184, [1], 77);34.8739538192749;0.0;[0.8]
81;model6_82_l-50_l-10;{'name': 'model6_82_l-50_l-10', 'layers': [{'type': 'lstm', 'cells': 50, 'dropout': 0, 'stateful': True, 'ret_seq': True}, {'type': 'lstm', 'cells': 10, 'dropout': 0, 'stateful': True, 'ret_seq': False}], 'batch_size': 16, 'timesteps': 1};0.0;0.4528531327921948;0.0;0.4098554222633871;0.0;0.1111748265886292;0.0;0.2661727621487462;0.0;0.0;0.0;0.0;5/50;16.0;(16184, [1], 77);32.08121967315674;0.0;[0.8]
82;model6_83_l-50_l-10_d-0.1;{'name': 'model6_83_l-50_l-10_d-0.1', 'layers': [{'type': 'lstm', 'cells': 50, 'dropout': 0.1, 'stateful': True, 'ret_seq': True}, {'type': 'lstm', 'cells': 10, 'dropout': 0.1, 'stateful': True, 'ret_seq': False}], 'batch_size': 16, 'timesteps': 1};0.1;0.4998832253695492;0.0;0.4459970987163604;0.0;0.11298641744576911;0.0;0.2653709640818657;0.0;0.0;0.0;0.0;4/50;16.0;(16184, [1], 77);29.69711685180664;0.0;[0.8]
83;model6_84_l-50_l-10_d-0.2;{'name': 'model6_84_l-50_l-10_d-0.2', 'layers': [{'type': 'lstm', 'cells': 50, 'dropout': 0.2, 'stateful': True, 'ret_seq': True}, {'type': 'lstm', 'cells': 10, 'dropout': 0.2, 'stateful': True, 'ret_seq': False}], 'batch_size': 16, 'timesteps': 1};0.2;0.5522710549862703;0.0;0.4853099037251897;0.0;0.11917945932098988;0.0;0.27479761728260776;0.0;0.0;0.0;0.0;4/50;16.0;(16184, [1], 77);34.00740385055542;0.0;[0.8]
84;model6_85_l-50_l-10_l-10;{'name': 'model6_85_l-50_l-10_l-10', 'layers': [{'type': 'lstm', 'cells': 50, 'dropout': 0, 'stateful': True, 'ret_seq': True}, {'type': 'lstm', 'cells': 10, 'dropout': 0, 'stateful': True, 'ret_seq': True}, {'type': 'lstm', 'cells': 10, 'dropout': 0, 'stateful': True, 'ret_seq': False}], 'batch_size': 16, 'timesteps': 1};0.0;0.4730951868812697;0.0;0.4230699324692578;0.0;0.10506316928635581;0.0;0.257399314110822;0.0;0.0;0.0;0.0;6/50;16.0;(16184, [1], 77);42.485851764678955;0.0;[0.8]
85;model6_86_l-50_l-10_l-10_d-0.1;{'name': 'model6_86_l-50_l-10_l-10_d-0.1', 'layers': [{'type': 'lstm', 'cells': 50, 'dropout': 0.1, 'stateful': True, 'ret_seq': True}, {'type': 'lstm', 'cells': 10, 'dropout': 0.1, 'stateful': True, 'ret_seq': True}, {'type': 'lstm', 'cells': 10, 'dropout': 0.1, 'stateful': True, 'ret_seq': False}], 'batch_size': 16, 'timesteps': 1};0.1;0.5293558492004061;0.0;0.47127964334707473;0.0;0.10438984118420447;0.0;0.25682936671494255;0.0;0.0;0.0;0.0;5/50;16.0;(16184, [1], 77);54.542259216308594;0.0;[0.8]
86;model6_87_l-50_l-10_l-10_d-0.2;{'name': 'model6_87_l-50_l-10_l-10_d-0.2', 'layers': [{'type': 'lstm', 'cells': 50, 'dropout': 0.2, 'stateful': True, 'ret_seq': True}, {'type': 'lstm', 'cells': 10, 'dropout': 0.2, 'stateful': True, 'ret_seq': True}, {'type': 'lstm', 'cells': 10, 'dropout': 0.2, 'stateful': True, 'ret_seq': False}], 'batch_size': 16, 'timesteps': 1};0.2;0.5395752218965215;0.0;0.4757146202902711;0.0;0.10705296697537645;0.0;0.26063777856750064;0.0;0.0;0.0;0.0;7/50;16.0;(16184, [1], 77);54.76315450668335;0.0;[0.8]
87;model6_88_l-50_l-10_l-20;{'name': 'model6_88_l-50_l-10_l-20', 'layers': [{'type': 'lstm', 'cells': 50, 'dropout': 0, 'stateful': True, 'ret_seq': True}, {'type': 'lstm', 'cells': 10, 'dropout': 0, 'stateful': True, 'ret_seq': True}, {'type': 'lstm', 'cells': 20, 'dropout': 0, 'stateful': True, 'ret_seq': False}], 'batch_size': 16, 'timesteps': 1};0.0;0.47216871001542404;0.0;0.42528513288505293;0.0;0.1057602465475476;0.0;0.2581363378258625;0.0;0.0;0.0;0.0;5/50;16.0;(16184, [1], 77);54.37997889518738;0.0;[0.8]
88;model6_89_l-50_l-10_l-20_d-0.1;{'name': 'model6_89_l-50_l-10_l-20_d-0.1', 'layers': [{'type': 'lstm', 'cells': 50, 'dropout': 0.1, 'stateful': True, 'ret_seq': True}, {'type': 'lstm', 'cells': 10, 'dropout': 0.1, 'stateful': True, 'ret_seq': True}, {'type': 'lstm', 'cells': 20, 'dropout': 0.1, 'stateful': True, 'ret_seq': False}], 'batch_size': 16, 'timesteps': 1};0.1;0.49960900900818694;0.0;0.44395844726759953;0.0;0.10066595206286132;0.0;0.2542236618476339;0.0;0.0;0.0;0.0;6/50;16.0;(16184, [1], 77);55.6432569026947;0.0;[0.8]
89;model6_90_l-50_l-10_l-20_d-0.2;{'name': 'model6_90_l-50_l-10_l-20_d-0.2', 'layers': [{'type': 'lstm', 'cells': 50, 'dropout': 0.2, 'stateful': True, 'ret_seq': True}, {'type': 'lstm', 'cells': 10, 'dropout': 0.2, 'stateful': True, 'ret_seq': True}, {'type': 'lstm', 'cells': 20, 'dropout': 0.2, 'stateful': True, 'ret_seq': False}], 'batch_size': 16, 'timesteps': 1};0.2;0.5306771824065002;0.0;0.4720054293334558;0.0;0.1079865154939344;0.0;0.260842760600666;0.0;0.0;0.0;0.0;6/50;16.0;(16184, [1], 77);56.88735365867615;0.0;[0.8]
90;model6_91_l-50_l-20;{'name': 'model6_91_l-50_l-20', 'layers': [{'type': 'lstm', 'cells': 50, 'dropout': 0, 'stateful': True, 'ret_seq': True}, {'type': 'lstm', 'cells': 20, 'dropout': 0, 'stateful': True, 'ret_seq': False}], 'batch_size': 16, 'timesteps': 1};0.0;0.4485739903623521;0.0;0.401224221117859;0.0;0.12235658400055796;0.0;0.27584069609494494;0.0;0.0;0.0;0.0;6/50;16.0;(16184, [1], 77);29.545170068740845;0.0;[0.8]
91;model6_92_l-50_l-20_d-0.1;{'name': 'model6_92_l-50_l-20_d-0.1', 'layers': [{'type': 'lstm', 'cells': 50, 'dropout': 0.1, 'stateful': True, 'ret_seq': True}, {'type': 'lstm', 'cells': 20, 'dropout': 0.1, 'stateful': True, 'ret_seq': False}], 'batch_size': 16, 'timesteps': 1};0.1;0.4779218003126172;0.0;0.4260037452056175;0.0;0.11129323153821107;0.0;0.2625856836612272;0.0;0.0;0.0;0.0;5/50;16.0;(16184, [1], 77);44.25565552711487;0.0;[0.8]
92;model6_93_l-50_l-20_d-0.2;{'name': 'model6_93_l-50_l-20_d-0.2', 'layers': [{'type': 'lstm', 'cells': 50, 'dropout': 0.2, 'stateful': True, 'ret_seq': True}, {'type': 'lstm', 'cells': 20, 'dropout': 0.2, 'stateful': True, 'ret_seq': False}], 'batch_size': 16, 'timesteps': 1};0.2;0.5340531458214791;0.0;0.4701658020576529;0.0;0.13176671602292964;0.0;0.2868890338162384;0.0;0.0;0.0;0.0;4/50;16.0;(16184, [1], 77);30.746787548065186;0.0;[0.8]
93;model6_94_l-50_l-20_l-10;{'name': 'model6_94_l-50_l-20_l-10', 'layers': [{'type': 'lstm', 'cells': 50, 'dropout': 0, 'stateful': True, 'ret_seq': True}, {'type': 'lstm', 'cells': 20, 'dropout': 0, 'stateful': True, 'ret_seq': True}, {'type': 'lstm', 'cells': 10, 'dropout': 0, 'stateful': True, 'ret_seq': False}], 'batch_size': 16, 'timesteps': 1};0.0;0.4519426459365965;0.0;0.4091445007102451;0.0;0.10403849002398034;0.0;0.254873554379043;0.0;0.0;0.0;0.0;6/50;16.0;(16184, [1], 77);55.98755145072937;0.0;[0.8]
94;model6_95_l-50_l-20_l-10_d-0.1;{'name': 'model6_95_l-50_l-20_l-10_d-0.1', 'layers': [{'type': 'lstm', 'cells': 50, 'dropout': 0.1, 'stateful': True, 'ret_seq': True}, {'type': 'lstm', 'cells': 20, 'dropout': 0.1, 'stateful': True, 'ret_seq': True}, {'type': 'lstm', 'cells': 10, 'dropout': 0.1, 'stateful': True, 'ret_seq': False}], 'batch_size': 16, 'timesteps': 1};0.1;0.5123702115661318;0.0;0.45601801541996534;0.0;0.10343887160375419;0.0;0.2558127749748159;0.0;0.0;0.0;0.0;7/50;16.0;(16184, [1], 77);70.13857889175415;0.0;[0.8]
95;model6_96_l-50_l-20_l-10_d-0.2;{'name': 'model6_96_l-50_l-20_l-10_d-0.2', 'layers': [{'type': 'lstm', 'cells': 50, 'dropout': 0.2, 'stateful': True, 'ret_seq': True}, {'type': 'lstm', 'cells': 20, 'dropout': 0.2, 'stateful': True, 'ret_seq': True}, {'type': 'lstm', 'cells': 10, 'dropout': 0.2, 'stateful': True, 'ret_seq': False}], 'batch_size': 16, 'timesteps': 1};0.2;0.528698461560811;0.0;0.4685689880799304;0.0;0.10395468520646048;0.0;0.25537009426567814;0.0;0.0;0.0;0.0;6/50;16.0;(16184, [1], 77);58.72991371154785;0.0;[0.8]
96;model6_97_l-50_l-20_l-20;{'name': 'model6_97_l-50_l-20_l-20', 'layers': [{'type': 'lstm', 'cells': 50, 'dropout': 0, 'stateful': True, 'ret_seq': True}, {'type': 'lstm', 'cells': 20, 'dropout': 0, 'stateful': True, 'ret_seq': True}, {'type': 'lstm', 'cells': 20, 'dropout': 0, 'stateful': True, 'ret_seq': False}], 'batch_size': 16, 'timesteps': 1};0.0;0.45969378388382043;0.0;0.4154973744296173;0.0;0.11200672619524274;0.0;0.26367920902695985;0.0;0.0;0.0;0.0;6/50;16.0;(16184, [1], 77);49.77961230278015;0.0;[0.8]
97;model6_98_l-50_l-20_l-20_d-0.1;{'name': 'model6_98_l-50_l-20_l-20_d-0.1', 'layers': [{'type': 'lstm', 'cells': 50, 'dropout': 0.1, 'stateful': True, 'ret_seq': True}, {'type': 'lstm', 'cells': 20, 'dropout': 0.1, 'stateful': True, 'ret_seq': True}, {'type': 'lstm', 'cells': 20, 'dropout': 0.1, 'stateful': True, 'ret_seq': False}], 'batch_size': 16, 'timesteps': 1};0.1;0.4939839172606415;0.0;0.44109054187909047;0.0;0.1054221229387982;0.0;0.2578931312897418;0.0;0.0;0.0;0.0;8/50;16.0;(16184, [1], 77);71.62502646446228;0.0;[0.8]
98;model6_99_l-50_l-20_l-20_d-0.2;{'name': 'model6_99_l-50_l-20_l-20_d-0.2', 'layers': [{'type': 'lstm', 'cells': 50, 'dropout': 0.2, 'stateful': True, 'ret_seq': True}, {'type': 'lstm', 'cells': 20, 'dropout': 0.2, 'stateful': True, 'ret_seq': True}, {'type': 'lstm', 'cells': 20, 'dropout': 0.2, 'stateful': True, 'ret_seq': False}], 'batch_size': 16, 'timesteps': 1};0.2;0.5174852855139779;0.0;0.4611217583655132;0.0;0.10872539027713903;0.0;0.26211443875390705;0.0;0.0;0.0;0.0;6/50;16.0;(16184, [1], 77);53.974292516708374;0.0;[0.8]
99;model6_100_l-50_l-50;{'name': 'model6_100_l-50_l-50', 'layers': [{'type': 'lstm', 'cells': 50, 'dropout': 0, 'stateful': True, 'ret_seq': True}, {'type': 'lstm', 'cells': 50, 'dropout': 0, 'stateful': True, 'ret_seq': False}], 'batch_size': 16, 'timesteps': 1};0.0;0.4653091430928839;0.0;0.41349938125965474;0.0;0.11772095091585623;0.0;0.266489392644403;0.0;0.0;0.0;0.0;4/50;16.0;(16184, [1], 77);33.393858671188354;0.0;[0.8]
100;model6_101_l-50_l-50_d-0.1;{'name': 'model6_101_l-50_l-50_d-0.1', 'layers': [{'type': 'lstm', 'cells': 50, 'dropout': 0.1, 'stateful': True, 'ret_seq': True}, {'type': 'lstm', 'cells': 50, 'dropout': 0.1, 'stateful': True, 'ret_seq': False}], 'batch_size': 16, 'timesteps': 1};0.1;0.5147622257243146;0.0;0.45328623413744906;0.0;0.12182144907367702;0.0;0.27637587259016416;0.0;0.0;0.0;0.0;2/50;16.0;(16184, [1], 77);28.601428270339966;0.0;[0.8]
101;model6_102_l-50_l-50_d-0.2;{'name': 'model6_102_l-50_l-50_d-0.2', 'layers': [{'type': 'lstm', 'cells': 50, 'dropout': 0.2, 'stateful': True, 'ret_seq': True}, {'type': 'lstm', 'cells': 50, 'dropout': 0.2, 'stateful': True, 'ret_seq': False}], 'batch_size': 16, 'timesteps': 1};0.2;0.5300227028049519;0.0;0.4643691191346153;0.0;0.13162530888572777;0.0;0.28728969524254894;0.0;0.0;0.0;0.0;2/50;16.0;(16184, [1], 77);29.458966732025146;0.0;[0.8]
102;model6_103_l-50_l-50_l-10;{'name': 'model6_103_l-50_l-50_l-10', 'layers': [{'type': 'lstm', 'cells': 50, 'dropout': 0, 'stateful': True, 'ret_seq': True}, {'type': 'lstm', 'cells': 50, 'dropout': 0, 'stateful': True, 'ret_seq': True}, {'type': 'lstm', 'cells': 10, 'dropout': 0, 'stateful': True, 'ret_seq': False}], 'batch_size': 16, 'timesteps': 1};0.0;0.4591401332197308;0.0;0.4169462248130399;0.0;0.10014084881024048;0.0;0.24981345107207203;0.0;0.0;0.0;0.0;7/50;16.0;(16184, [1], 77);76.23552227020264;0.0;[0.8]
103;model6_104_l-50_l-50_l-10_d-0.1;{'name': 'model6_104_l-50_l-50_l-10_d-0.1', 'layers': [{'type': 'lstm', 'cells': 50, 'dropout': 0.1, 'stateful': True, 'ret_seq': True}, {'type': 'lstm', 'cells': 50, 'dropout': 0.1, 'stateful': True, 'ret_seq': True}, {'type': 'lstm', 'cells': 10, 'dropout': 0.1, 'stateful': True, 'ret_seq': False}], 'batch_size': 16, 'timesteps': 1};0.1;0.5206048725660987;0.0;0.46487368425015907;0.0;0.10356065885873862;0.0;0.2540298341081874;0.0;0.0;0.0;0.0;7/50;16.0;(16184, [1], 77);70.1858696937561;0.0;[0.8]
104;model6_105_l-50_l-50_l-10_d-0.2;{'name': 'model6_105_l-50_l-50_l-10_d-0.2', 'layers': [{'type': 'lstm', 'cells': 50, 'dropout': 0.2, 'stateful': True, 'ret_seq': True}, {'type': 'lstm', 'cells': 50, 'dropout': 0.2, 'stateful': True, 'ret_seq': True}, {'type': 'lstm', 'cells': 10, 'dropout': 0.2, 'stateful': True, 'ret_seq': False}], 'batch_size': 16, 'timesteps': 1};0.2;0.5099660463087786;0.0;0.4566108865849904;0.0;0.10305241467707818;0.0;0.2541402282174861;0.0;0.0;0.0;0.0;9/50;16.0;(16184, [1], 77);64.36476826667786;0.0;[0.8]
105;model6_106_l-50_l-50_l-20;{'name': 'model6_106_l-50_l-50_l-20', 'layers': [{'type': 'lstm', 'cells': 50, 'dropout': 0, 'stateful': True, 'ret_seq': True}, {'type': 'lstm', 'cells': 50, 'dropout': 0, 'stateful': True, 'ret_seq': True}, {'type': 'lstm', 'cells': 20, 'dropout': 0, 'stateful': True, 'ret_seq': False}], 'batch_size': 16, 'timesteps': 1};0.0;0.48214905398894375;0.0;0.4372848500630027;0.0;0.11769567088380752;0.0;0.27009973317237185;0.0;0.0;0.0;0.0;5/50;16.0;(16184, [1], 77);53.8999137878418;0.0;[0.8]
106;model6_107_l-50_l-50_l-20_d-0.1;{'name': 'model6_107_l-50_l-50_l-20_d-0.1', 'layers': [{'type': 'lstm', 'cells': 50, 'dropout': 0.1, 'stateful': True, 'ret_seq': True}, {'type': 'lstm', 'cells': 50, 'dropout': 0.1, 'stateful': True, 'ret_seq': True}, {'type': 'lstm', 'cells': 20, 'dropout': 0.1, 'stateful': True, 'ret_seq': False}], 'batch_size': 16, 'timesteps': 1};0.1;0.4967516563805131;0.0;0.4490737104040141;0.0;0.10854222493633481;0.0;0.26153641098206587;0.0;0.0;0.0;0.0;6/50;16.0;(16184, [1], 77);62.81149768829346;0.0;[0.8]
107;model6_108_l-50_l-50_l-20_d-0.2;{'name': 'model6_108_l-50_l-50_l-20_d-0.2', 'layers': [{'type': 'lstm', 'cells': 50, 'dropout': 0.2, 'stateful': True, 'ret_seq': True}, {'type': 'lstm', 'cells': 50, 'dropout': 0.2, 'stateful': True, 'ret_seq': True}, {'type': 'lstm', 'cells': 20, 'dropout': 0.2, 'stateful': True, 'ret_seq': False}], 'batch_size': 16, 'timesteps': 1};0.2;0.5305336628325643;0.0;0.47595440500562064;0.0;0.11995805825318882;0.0;0.27477876229746506;0.0;0.0;0.0;0.0;6/50;16.0;(16184, [1], 77);49.10592532157898;0.0;[0.8]
108;model6_109_l-100;{'name': 'model6_109_l-100', 'layers': [{'type': 'lstm', 'cells': 100, 'dropout': 0, 'stateful': True, 'ret_seq': False}], 'batch_size': 16, 'timesteps': 1};0.0;0.5409731376416549;0.0;0.4697395703203893;0.0;0.12646963162403;0.0;0.28442281089944416;0.0;0.0;0.0;0.0;1/50;16.0;(16184, [1], 77);20.663402795791626;0.0;[0.8]
109;model6_110_l-100_d-0.1;{'name': 'model6_110_l-100_d-0.1', 'layers': [{'type': 'lstm', 'cells': 100, 'dropout': 0.1, 'stateful': True, 'ret_seq': False}], 'batch_size': 16, 'timesteps': 1};0.1;0.4587908886230294;0.0;0.4111552064402584;0.0;0.1191840077897921;0.0;0.27412186374906267;0.0;0.0;0.0;0.0;3/50;16.0;(16184, [1], 77);21.634628534317017;0.0;[0.8]
110;model6_111_l-100_d-0.2;{'name': 'model6_111_l-100_d-0.2', 'layers': [{'type': 'lstm', 'cells': 100, 'dropout': 0.2, 'stateful': True, 'ret_seq': False}], 'batch_size': 16, 'timesteps': 1};0.2;0.4851156720380461;0.0;0.42969691252384257;0.0;0.12538032361426124;0.0;0.2814252597123089;0.0;0.0;0.0;0.0;2/50;16.0;(16184, [1], 77);21.44775652885437;0.0;[0.8]
111;model6_112_l-100_l-10;{'name': 'model6_112_l-100_l-10', 'layers': [{'type': 'lstm', 'cells': 100, 'dropout': 0, 'stateful': True, 'ret_seq': True}, {'type': 'lstm', 'cells': 10, 'dropout': 0, 'stateful': True, 'ret_seq': False}], 'batch_size': 16, 'timesteps': 1};0.0;0.46455155308640417;0.0;0.4164871352877841;0.0;0.1162957376178059;0.0;0.2710668567088571;0.0;0.0;0.0;0.0;5/50;16.0;(16184, [1], 77);34.3597514629364;0.0;[0.8]
112;model6_113_l-100_l-10_d-0.1;{'name': 'model6_113_l-100_l-10_d-0.1', 'layers': [{'type': 'lstm', 'cells': 100, 'dropout': 0.1, 'stateful': True, 'ret_seq': True}, {'type': 'lstm', 'cells': 10, 'dropout': 0.1, 'stateful': True, 'ret_seq': False}], 'batch_size': 16, 'timesteps': 1};0.1;0.4870083053632005;0.0;0.4371686601834038;0.0;0.12242907277391393;0.0;0.2791709393853008;0.0;0.0;0.0;0.0;6/50;16.0;(16184, [1], 77);35.70858383178711;0.0;[0.8]
113;model6_114_l-100_l-10_d-0.2;{'name': 'model6_114_l-100_l-10_d-0.2', 'layers': [{'type': 'lstm', 'cells': 100, 'dropout': 0.2, 'stateful': True, 'ret_seq': True}, {'type': 'lstm', 'cells': 10, 'dropout': 0.2, 'stateful': True, 'ret_seq': False}], 'batch_size': 16, 'timesteps': 1};0.2;0.4977684072017375;0.0;0.4440342319579001;0.0;0.1262290442666721;0.0;0.2854160580525894;0.0;0.0;0.0;0.0;9/50;16.0;(16184, [1], 77);57.290239572525024;0.0;[0.8]
114;model6_115_l-100_l-20;{'name': 'model6_115_l-100_l-20', 'layers': [{'type': 'lstm', 'cells': 100, 'dropout': 0, 'stateful': True, 'ret_seq': True}, {'type': 'lstm', 'cells': 20, 'dropout': 0, 'stateful': True, 'ret_seq': False}], 'batch_size': 16, 'timesteps': 1};0.0;0.46250301567844504;0.0;0.41199581915390654;0.0;0.12255883324743792;0.0;0.2777123432790879;0.0;0.0;0.0;0.0;6/50;16.0;(16184, [1], 77);35.155900955200195;0.0;[0.8]
115;model6_116_l-100_l-20_d-0.1;{'name': 'model6_116_l-100_l-20_d-0.1', 'layers': [{'type': 'lstm', 'cells': 100, 'dropout': 0.1, 'stateful': True, 'ret_seq': True}, {'type': 'lstm', 'cells': 20, 'dropout': 0.1, 'stateful': True, 'ret_seq': False}], 'batch_size': 16, 'timesteps': 1};0.1;0.48153933401856164;0.0;0.4271175939732488;0.0;0.12967708028650077;0.0;0.28513788553600267;0.0;0.0;0.0;0.0;5/50;16.0;(16184, [1], 77);35.1680166721344;0.0;[0.8]
116;model6_117_l-100_l-20_d-0.2;{'name': 'model6_117_l-100_l-20_d-0.2', 'layers': [{'type': 'lstm', 'cells': 100, 'dropout': 0.2, 'stateful': True, 'ret_seq': True}, {'type': 'lstm', 'cells': 20, 'dropout': 0.2, 'stateful': True, 'ret_seq': False}], 'batch_size': 16, 'timesteps': 1};0.2;0.474449939784054;0.0;0.4202880276774594;0.0;0.11801561474394386;0.0;0.27372394129633904;0.0;0.0;0.0;0.0;7/50;16.0;(16184, [1], 77);59.59761929512024;0.0;[0.8]
117;model6_118_l-100_l-10;{'name': 'model6_118_l-100_l-10', 'layers': [{'type': 'lstm', 'cells': 100, 'dropout': 0, 'stateful': True, 'ret_seq': True}, {'type': 'lstm', 'cells': 10, 'dropout': 0, 'stateful': True, 'ret_seq': False}], 'batch_size': 16, 'timesteps': 1};0.0;0.4408677815228277;0.0;0.40124012879815474;0.0;0.11639665595099034;0.0;0.2739922623749417;0.0;0.0;0.0;0.0;7/50;16.0;(16184, [1], 77);39.40549349784851;0.0;[0.8]
118;model6_119_l-100_l-10_d-0.1;{'name': 'model6_119_l-100_l-10_d-0.1', 'layers': [{'type': 'lstm', 'cells': 100, 'dropout': 0.1, 'stateful': True, 'ret_seq': True}, {'type': 'lstm', 'cells': 10, 'dropout': 0.1, 'stateful': True, 'ret_seq': False}], 'batch_size': 16, 'timesteps': 1};0.1;0.4991026790962268;0.0;0.443241310622474;0.0;0.1187328270055575;0.0;0.2758239043304826;0.0;0.0;0.0;0.0;6/50;16.0;(16184, [1], 77);39.53425407409668;0.0;[0.8]
119;model6_120_l-100_l-10_d-0.2;{'name': 'model6_120_l-100_l-10_d-0.2', 'layers': [{'type': 'lstm', 'cells': 100, 'dropout': 0.2, 'stateful': True, 'ret_seq': True}, {'type': 'lstm', 'cells': 10, 'dropout': 0.2, 'stateful': True, 'ret_seq': False}], 'batch_size': 16, 'timesteps': 1};0.2;0.49810596349636466;0.0;0.4441095105520874;0.0;0.11581716570302401;0.0;0.27124668702040566;0.0;0.0;0.0;0.0;7/50;16.0;(16184, [1], 77);33.53161954879761;0.0;[0.8]
120;model6_121_l-100_l-10_l-10;{'name': 'model6_121_l-100_l-10_l-10', 'layers': [{'type': 'lstm', 'cells': 100, 'dropout': 0, 'stateful': True, 'ret_seq': True}, {'type': 'lstm', 'cells': 10, 'dropout': 0, 'stateful': True, 'ret_seq': True}, {'type': 'lstm', 'cells': 10, 'dropout': 0, 'stateful': True, 'ret_seq': False}], 'batch_size': 16, 'timesteps': 1};0.0;0.5099550850127624;0.0;0.4501973218359375;0.0;0.10581042086889986;0.0;0.2571660334078392;0.0;0.0;0.0;0.0;4/50;16.0;(16184, [1], 77);39.57031035423279;0.0;[0.8]
121;model6_122_l-100_l-10_l-10_d-0.1;{'name': 'model6_122_l-100_l-10_l-10_d-0.1', 'layers': [{'type': 'lstm', 'cells': 100, 'dropout': 0.1, 'stateful': True, 'ret_seq': True}, {'type': 'lstm', 'cells': 10, 'dropout': 0.1, 'stateful': True, 'ret_seq': True}, {'type': 'lstm', 'cells': 10, 'dropout': 0.1, 'stateful': True, 'ret_seq': False}], 'batch_size': 16, 'timesteps': 1};0.1;0.4934683051397759;0.0;0.44172919750655687;0.0;0.09539260553878427;0.0;0.24429894142811842;0.0;0.0;0.0;0.0;8/50;16.0;(16184, [1], 77);56.86940407752991;0.0;[0.8]
122;model6_123_l-100_l-10_l-10_d-0.2;{'name': 'model6_123_l-100_l-10_l-10_d-0.2', 'layers': [{'type': 'lstm', 'cells': 100, 'dropout': 0.2, 'stateful': True, 'ret_seq': True}, {'type': 'lstm', 'cells': 10, 'dropout': 0.2, 'stateful': True, 'ret_seq': True}, {'type': 'lstm', 'cells': 10, 'dropout': 0.2, 'stateful': True, 'ret_seq': False}], 'batch_size': 16, 'timesteps': 1};0.2;0.5004207957858319;0.0;0.4499922285710631;0.0;0.11232406723930842;0.0;0.26732175188637014;0.0;0.0;0.0;0.0;9/50;16.0;(16184, [1], 77);58.42353940010071;0.0;[0.8]
123;model6_124_l-100_l-10_l-20;{'name': 'model6_124_l-100_l-10_l-20', 'layers': [{'type': 'lstm', 'cells': 100, 'dropout': 0, 'stateful': True, 'ret_seq': True}, {'type': 'lstm', 'cells': 10, 'dropout': 0, 'stateful': True, 'ret_seq': True}, {'type': 'lstm', 'cells': 20, 'dropout': 0, 'stateful': True, 'ret_seq': False}], 'batch_size': 16, 'timesteps': 1};0.0;0.4699415266847673;0.0;0.42477390985148505;0.0;0.10011175066453985;0.0;0.24995427298368794;0.0;0.0;0.0;0.0;6/50;16.0;(16184, [1], 77);56.30688977241516;0.0;[0.8]
124;model6_125_l-100_l-10_l-20_d-0.1;{'name': 'model6_125_l-100_l-10_l-20_d-0.1', 'layers': [{'type': 'lstm', 'cells': 100, 'dropout': 0.1, 'stateful': True, 'ret_seq': True}, {'type': 'lstm', 'cells': 10, 'dropout': 0.1, 'stateful': True, 'ret_seq': True}, {'type': 'lstm', 'cells': 20, 'dropout': 0.1, 'stateful': True, 'ret_seq': False}], 'batch_size': 16, 'timesteps': 1};0.1;0.46838960604804336;0.0;0.4225444209627227;0.0;0.11041085224248248;0.0;0.2654240284078192;0.0;0.0;0.0;0.0;8/50;16.0;(16184, [1], 77);47.25369048118591;0.0;[0.8]
125;model6_126_l-100_l-10_l-20_d-0.2;{'name': 'model6_126_l-100_l-10_l-20_d-0.2', 'layers': [{'type': 'lstm', 'cells': 100, 'dropout': 0.2, 'stateful': True, 'ret_seq': True}, {'type': 'lstm', 'cells': 10, 'dropout': 0.2, 'stateful': True, 'ret_seq': True}, {'type': 'lstm', 'cells': 20, 'dropout': 0.2, 'stateful': True, 'ret_seq': False}], 'batch_size': 16, 'timesteps': 1};0.2;0.5387888648978933;0.0;0.47638011044087014;0.0;0.11324253700452276;0.0;0.2677900039471022;0.0;0.0;0.0;0.0;5/50;16.0;(16184, [1], 77);54.44935154914856;0.0;[0.8]
126;model6_127_l-100_l-20;{'name': 'model6_127_l-100_l-20', 'layers': [{'type': 'lstm', 'cells': 100, 'dropout': 0, 'stateful': True, 'ret_seq': True}, {'type': 'lstm', 'cells': 20, 'dropout': 0, 'stateful': True, 'ret_seq': False}], 'batch_size': 16, 'timesteps': 1};0.0;0.4446896615550981;0.0;0.40066020041519984;0.0;0.11728114602017668;0.0;0.2722336588667171;0.0;0.0;0.0;0.0;6/50;16.0;(16184, [1], 77);46.65347933769226;0.0;[0.8]
127;model6_128_l-100_l-20_d-0.1;{'name': 'model6_128_l-100_l-20_d-0.1', 'layers': [{'type': 'lstm', 'cells': 100, 'dropout': 0.1, 'stateful': True, 'ret_seq': True}, {'type': 'lstm', 'cells': 20, 'dropout': 0.1, 'stateful': True, 'ret_seq': False}], 'batch_size': 16, 'timesteps': 1};0.1;0.4833425167575018;0.0;0.43645414303900726;0.0;0.12284212576520473;0.0;0.27960095779583005;0.0;0.0;0.0;0.0;6/50;16.0;(16184, [1], 77);34.23070192337036;0.0;[0.8]
128;model6_129_l-100_l-20_d-0.2;{'name': 'model6_129_l-100_l-20_d-0.2', 'layers': [{'type': 'lstm', 'cells': 100, 'dropout': 0.2, 'stateful': True, 'ret_seq': True}, {'type': 'lstm', 'cells': 20, 'dropout': 0.2, 'stateful': True, 'ret_seq': False}], 'batch_size': 16, 'timesteps': 1};0.2;0.5043800487580199;0.0;0.4510528855163913;0.0;0.12626151545065464;0.0;0.2839762260860736;0.0;0.0;0.0;0.0;5/50;16.0;(16184, [1], 77);34.197593450546265;0.0;[0.8]
129;model6_130_l-100_l-20_l-10;{'name': 'model6_130_l-100_l-20_l-10', 'layers': [{'type': 'lstm', 'cells': 100, 'dropout': 0, 'stateful': True, 'ret_seq': True}, {'type': 'lstm', 'cells': 20, 'dropout': 0, 'stateful': True, 'ret_seq': True}, {'type': 'lstm', 'cells': 10, 'dropout': 0, 'stateful': True, 'ret_seq': False}], 'batch_size': 16, 'timesteps': 1};0.0;0.44960871283471476;0.0;0.4078637330950559;0.0;0.09979064855724573;0.0;0.24976084185856404;0.0;0.0;0.0;0.0;7/50;16.0;(16184, [1], 77);52.77203559875488;0.0;[0.8]
130;model6_131_l-100_l-20_l-10_d-0.1;{'name': 'model6_131_l-100_l-20_l-10_d-0.1', 'layers': [{'type': 'lstm', 'cells': 100, 'dropout': 0.1, 'stateful': True, 'ret_seq': True}, {'type': 'lstm', 'cells': 20, 'dropout': 0.1, 'stateful': True, 'ret_seq': True}, {'type': 'lstm', 'cells': 10, 'dropout': 0.1, 'stateful': True, 'ret_seq': False}], 'batch_size': 16, 'timesteps': 1};0.1;0.46907702768716514;0.0;0.42121366391186366;0.0;0.10978334289191678;0.0;0.2639041554809797;0.0;0.0;0.0;0.0;9/50;16.0;(16184, [1], 77);54.4274845123291;0.0;[0.8]
131;model6_132_l-100_l-20_l-10_d-0.2;{'name': 'model6_132_l-100_l-20_l-10_d-0.2', 'layers': [{'type': 'lstm', 'cells': 100, 'dropout': 0.2, 'stateful': True, 'ret_seq': True}, {'type': 'lstm', 'cells': 20, 'dropout': 0.2, 'stateful': True, 'ret_seq': True}, {'type': 'lstm', 'cells': 10, 'dropout': 0.2, 'stateful': True, 'ret_seq': False}], 'batch_size': 16, 'timesteps': 1};0.2;0.5027184122471122;0.0;0.45140675474672;0.0;0.09741327062820887;0.0;0.24833864541632114;0.0;0.0;0.0;0.0;7/50;16.0;(16184, [1], 77);64.84328246116638;0.0;[0.8]
132;model6_133_l-100_l-20_l-20;{'name': 'model6_133_l-100_l-20_l-20', 'layers': [{'type': 'lstm', 'cells': 100, 'dropout': 0, 'stateful': True, 'ret_seq': True}, {'type': 'lstm', 'cells': 20, 'dropout': 0, 'stateful': True, 'ret_seq': True}, {'type': 'lstm', 'cells': 20, 'dropout': 0, 'stateful': True, 'ret_seq': False}], 'batch_size': 16, 'timesteps': 1};0.0;0.4605936893781161;0.0;0.41520691911686486;0.0;0.10727307612150169;0.0;0.2609026686168543;0.0;0.0;0.0;0.0;6/50;16.0;(16184, [1], 77);46.22048783302307;0.0;[0.8]
133;model6_134_l-100_l-20_l-20_d-0.1;{'name': 'model6_134_l-100_l-20_l-20_d-0.1', 'layers': [{'type': 'lstm', 'cells': 100, 'dropout': 0.1, 'stateful': True, 'ret_seq': True}, {'type': 'lstm', 'cells': 20, 'dropout': 0.1, 'stateful': True, 'ret_seq': True}, {'type': 'lstm', 'cells': 20, 'dropout': 0.1, 'stateful': True, 'ret_seq': False}], 'batch_size': 16, 'timesteps': 1};0.1;0.46811694877823107;0.0;0.42529413867534605;0.0;0.1060355083952372;0.0;0.2573092098135759;0.0;0.0;0.0;0.0;8/50;16.0;(16184, [1], 77);55.03025531768799;0.0;[0.8]
134;model6_135_l-100_l-20_l-20_d-0.2;{'name': 'model6_135_l-100_l-20_l-20_d-0.2', 'layers': [{'type': 'lstm', 'cells': 100, 'dropout': 0.2, 'stateful': True, 'ret_seq': True}, {'type': 'lstm', 'cells': 20, 'dropout': 0.2, 'stateful': True, 'ret_seq': True}, {'type': 'lstm', 'cells': 20, 'dropout': 0.2, 'stateful': True, 'ret_seq': False}], 'batch_size': 16, 'timesteps': 1};0.2;0.504568632477975;0.0;0.4486622971716269;0.0;0.11336353856443178;0.0;0.266541063785553;0.0;0.0;0.0;0.0;7/50;16.0;(16184, [1], 77);43.201265811920166;0.0;[0.8]
135;model6_136_l-100_l-50;{'name': 'model6_136_l-100_l-50', 'layers': [{'type': 'lstm', 'cells': 100, 'dropout': 0, 'stateful': True, 'ret_seq': True}, {'type': 'lstm', 'cells': 50, 'dropout': 0, 'stateful': True, 'ret_seq': False}], 'batch_size': 16, 'timesteps': 1};0.0;0.47625898108765835;0.0;0.4195468534792604;0.0;0.11997001978227555;0.0;0.27307814348599696;0.0;0.0;0.0;0.0;4/50;16.0;(16184, [1], 77);26.555522441864014;0.0;[0.8]
136;model6_137_l-100_l-50_d-0.1;{'name': 'model6_137_l-100_l-50_d-0.1', 'layers': [{'type': 'lstm', 'cells': 100, 'dropout': 0.1, 'stateful': True, 'ret_seq': True}, {'type': 'lstm', 'cells': 50, 'dropout': 0.1, 'stateful': True, 'ret_seq': False}], 'batch_size': 16, 'timesteps': 1};0.1;0.4901722648718633;0.0;0.4334859571089261;0.0;0.1178447782052773;0.0;0.27120653908736636;0.0;0.0;0.0;0.0;4/50;16.0;(16184, [1], 77);26.874268770217896;0.0;[0.8]
137;model6_138_l-100_l-50_d-0.2;{'name': 'model6_138_l-100_l-50_d-0.2', 'layers': [{'type': 'lstm', 'cells': 100, 'dropout': 0.2, 'stateful': True, 'ret_seq': True}, {'type': 'lstm', 'cells': 50, 'dropout': 0.2, 'stateful': True, 'ret_seq': False}], 'batch_size': 16, 'timesteps': 1};0.2;0.6884796630006343;0.0;0.5715582501995107;0.0;0.12613254834409102;0.0;0.28011161915146476;0.0;0.0;0.0;0.0;1/50;16.0;(16184, [1], 77);27.87437105178833;0.0;[0.8]
138;model6_139_l-100_l-50_l-10;{'name': 'model6_139_l-100_l-50_l-10', 'layers': [{'type': 'lstm', 'cells': 100, 'dropout': 0, 'stateful': True, 'ret_seq': True}, {'type': 'lstm', 'cells': 50, 'dropout': 0, 'stateful': True, 'ret_seq': True}, {'type': 'lstm', 'cells': 10, 'dropout': 0, 'stateful': True, 'ret_seq': False}], 'batch_size': 16, 'timesteps': 1};0.0;0.4560276293627485;0.0;0.41045620500562513;0.0;0.10546628361807601;0.0;0.2570744654034624;0.0;0.0;0.0;0.0;7/50;16.0;(16184, [1], 77);45.550535917282104;0.0;[0.8]
139;model6_140_l-100_l-50_l-10_d-0.1;{'name': 'model6_140_l-100_l-50_l-10_d-0.1', 'layers': [{'type': 'lstm', 'cells': 100, 'dropout': 0.1, 'stateful': True, 'ret_seq': True}, {'type': 'lstm', 'cells': 50, 'dropout': 0.1, 'stateful': True, 'ret_seq': True}, {'type': 'lstm', 'cells': 10, 'dropout': 0.1, 'stateful': True, 'ret_seq': False}], 'batch_size': 16, 'timesteps': 1};0.1;0.4816377824736467;0.0;0.43358008664824316;0.0;0.10805117595240031;0.0;0.2605715685773014;0.0;0.0;0.0;0.0;7/50;16.0;(16184, [1], 77);53.67481708526611;0.0;[0.8]
140;model6_141_l-100_l-50_l-10_d-0.2;{'name': 'model6_141_l-100_l-50_l-10_d-0.2', 'layers': [{'type': 'lstm', 'cells': 100, 'dropout': 0.2, 'stateful': True, 'ret_seq': True}, {'type': 'lstm', 'cells': 50, 'dropout': 0.2, 'stateful': True, 'ret_seq': True}, {'type': 'lstm', 'cells': 10, 'dropout': 0.2, 'stateful': True, 'ret_seq': False}], 'batch_size': 16, 'timesteps': 1};0.2;0.5109389212848192;0.0;0.45353084489500567;0.0;0.10585893334193837;0.0;0.25790315475499276;0.0;0.0;0.0;0.0;7/50;16.0;(16184, [1], 77);60.06922912597656;0.0;[0.8]
141;model6_142_l-100_l-50_l-20;{'name': 'model6_142_l-100_l-50_l-20', 'layers': [{'type': 'lstm', 'cells': 100, 'dropout': 0, 'stateful': True, 'ret_seq': True}, {'type': 'lstm', 'cells': 50, 'dropout': 0, 'stateful': True, 'ret_seq': True}, {'type': 'lstm', 'cells': 20, 'dropout': 0, 'stateful': True, 'ret_seq': False}], 'batch_size': 16, 'timesteps': 1};0.0;0.4473876853177626;0.0;0.40949620319385316;0.0;0.10309553473708358;0.0;0.25505049471365343;0.0;0.0;0.0;0.0;8/50;16.0;(16184, [1], 77);58.96536684036255;0.0;[0.8]
142;model6_143_l-100_l-50_l-20_d-0.1;{'name': 'model6_143_l-100_l-50_l-20_d-0.1', 'layers': [{'type': 'lstm', 'cells': 100, 'dropout': 0.1, 'stateful': True, 'ret_seq': True}, {'type': 'lstm', 'cells': 50, 'dropout': 0.1, 'stateful': True, 'ret_seq': True}, {'type': 'lstm', 'cells': 20, 'dropout': 0.1, 'stateful': True, 'ret_seq': False}], 'batch_size': 16, 'timesteps': 1};0.1;0.48033240803014327;0.0;0.43170030827649003;0.0;0.11292660884596038;0.0;0.26744112881398435;0.0;0.0;0.0;0.0;8/50;16.0;(16184, [1], 77);60.1718270778656;0.0;[0.8]
143;model6_144_l-100_l-50_l-20_d-0.2;{'name': 'model6_144_l-100_l-50_l-20_d-0.2', 'layers': [{'type': 'lstm', 'cells': 100, 'dropout': 0.2, 'stateful': True, 'ret_seq': True}, {'type': 'lstm', 'cells': 50, 'dropout': 0.2, 'stateful': True, 'ret_seq': True}, {'type': 'lstm', 'cells': 20, 'dropout': 0.2, 'stateful': True, 'ret_seq': False}], 'batch_size': 16, 'timesteps': 1};0.2;0.5173363170191664;0.0;0.4582413613372592;0.0;0.10725125856236509;0.0;0.2622476979204924;0.0;0.0;0.0;0.0;6/50;16.0;(16184, [1], 77);54.06948733329773;0.0;[0.8]
144;model6_145_l-150;{'name': 'model6_145_l-150', 'layers': [{'type': 'lstm', 'cells': 150, 'dropout': 0, 'stateful': True, 'ret_seq': False}], 'batch_size': 16, 'timesteps': 1};0.0;0.45906212548316633;0.0;0.4082167536913612;0.0;0.12130920096106901;0.0;0.27639528939334473;0.0;0.0;0.0;0.0;3/50;16.0;(16184, [1], 77);22.488441467285156;0.0;[0.8]
145;model6_146_l-150_d-0.1;{'name': 'model6_146_l-150_d-0.1', 'layers': [{'type': 'lstm', 'cells': 150, 'dropout': 0.1, 'stateful': True, 'ret_seq': False}], 'batch_size': 16, 'timesteps': 1};0.1;0.4779771503742568;0.0;0.4226087032182992;0.0;0.12354979048584505;0.0;0.2812915582689318;0.0;0.0;0.0;0.0;2/50;16.0;(16184, [1], 77);23.095999479293823;0.0;[0.8]
146;model6_147_l-150_d-0.2;{'name': 'model6_147_l-150_d-0.2', 'layers': [{'type': 'lstm', 'cells': 150, 'dropout': 0.2, 'stateful': True, 'ret_seq': False}], 'batch_size': 16, 'timesteps': 1};0.2;0.49080814229156383;0.0;0.430452418148665;0.0;0.12127397072012766;0.0;0.27793633052618194;0.0;0.0;0.0;0.0;2/50;16.0;(16184, [1], 77);23.189881324768066;0.0;[0.8]
147;model6_148_l-150_l-10;{'name': 'model6_148_l-150_l-10', 'layers': [{'type': 'lstm', 'cells': 150, 'dropout': 0, 'stateful': True, 'ret_seq': True}, {'type': 'lstm', 'cells': 10, 'dropout': 0, 'stateful': True, 'ret_seq': False}], 'batch_size': 16, 'timesteps': 1};0.0;0.45011501536993553;0.0;0.4065461435040968;0.0;0.11478135147878882;0.0;0.2701439879244507;0.0;0.0;0.0;0.0;6/50;16.0;(16184, [1], 77);35.0633909702301;0.0;[0.8]
148;model6_149_l-150_l-10_d-0.1;{'name': 'model6_149_l-150_l-10_d-0.1', 'layers': [{'type': 'lstm', 'cells': 150, 'dropout': 0.1, 'stateful': True, 'ret_seq': True}, {'type': 'lstm', 'cells': 10, 'dropout': 0.1, 'stateful': True, 'ret_seq': False}], 'batch_size': 16, 'timesteps': 1};0.1;0.9784534148277878;0.0;0.7318666611967334;0.0;0.5154407744452653;0.0;0.6101456559678116;0.0;0.0;0.0;0.0;1/50;16.0;(16184, [1], 77);31.044986724853516;0.0;[0.8]
149;model6_150_l-150_l-10_d-0.2;{'name': 'model6_150_l-150_l-10_d-0.2', 'layers': [{'type': 'lstm', 'cells': 150, 'dropout': 0.2, 'stateful': True, 'ret_seq': True}, {'type': 'lstm', 'cells': 10, 'dropout': 0.2, 'stateful': True, 'ret_seq': False}], 'batch_size': 16, 'timesteps': 1};0.2;0.4786869091256919;0.0;0.4218949422755996;0.0;0.12132008077281684;0.0;0.27877817727108994;0.0;0.0;0.0;0.0;9/50;16.0;(16184, [1], 77);54.259719133377075;0.0;[0.8]
150;model6_151_l-150_l-20;{'name': 'model6_151_l-150_l-20', 'layers': [{'type': 'lstm', 'cells': 150, 'dropout': 0, 'stateful': True, 'ret_seq': True}, {'type': 'lstm', 'cells': 20, 'dropout': 0, 'stateful': True, 'ret_seq': False}], 'batch_size': 16, 'timesteps': 1};0.0;0.4421941531437584;0.0;0.4008375198035806;0.0;0.117127851668358;0.0;0.27306581406605124;0.0;0.0;0.0;0.0;6/50;16.0;(16184, [1], 77);36.16858220100403;0.0;[0.8]
151;model6_152_l-150_l-20_d-0.1;{'name': 'model6_152_l-150_l-20_d-0.1', 'layers': [{'type': 'lstm', 'cells': 150, 'dropout': 0.1, 'stateful': True, 'ret_seq': True}, {'type': 'lstm', 'cells': 20, 'dropout': 0.1, 'stateful': True, 'ret_seq': False}], 'batch_size': 16, 'timesteps': 1};0.1;0.47388500688949825;0.0;0.42529595968381434;0.0;0.1168909588238538;0.0;0.27399229700907624;0.0;0.0;0.0;0.0;7/50;16.0;(16184, [1], 77);60.7639901638031;0.0;[0.8]
152;model6_153_l-150_l-20_d-0.2;{'name': 'model6_153_l-150_l-20_d-0.2', 'layers': [{'type': 'lstm', 'cells': 150, 'dropout': 0.2, 'stateful': True, 'ret_seq': True}, {'type': 'lstm', 'cells': 20, 'dropout': 0.2, 'stateful': True, 'ret_seq': False}], 'batch_size': 16, 'timesteps': 1};0.2;0.47681153881074617;0.0;0.4267422285377611;0.0;0.11589616990307032;0.0;0.2715558661240162;0.0;0.0;0.0;0.0;7/50;16.0;(16184, [1], 77);55.01115870475769;0.0;[0.8]
153;model6_154_l-150_l-10;{'name': 'model6_154_l-150_l-10', 'layers': [{'type': 'lstm', 'cells': 150, 'dropout': 0, 'stateful': True, 'ret_seq': True}, {'type': 'lstm', 'cells': 10, 'dropout': 0, 'stateful': True, 'ret_seq': False}], 'batch_size': 16, 'timesteps': 1};0.0;1.174176933370503;0.0;0.8177276944329477;0.0;0.5063655870911287;0.0;0.6036734252725497;0.0;0.0;0.0;0.0;2/50;16.0;(16184, [1], 77);28.00414729118347;0.0;[0.8]
154;model6_155_l-150_l-10_d-0.1;{'name': 'model6_155_l-150_l-10_d-0.1', 'layers': [{'type': 'lstm', 'cells': 150, 'dropout': 0.1, 'stateful': True, 'ret_seq': True}, {'type': 'lstm', 'cells': 10, 'dropout': 0.1, 'stateful': True, 'ret_seq': False}], 'batch_size': 16, 'timesteps': 1};0.1;0.46752553155279647;0.0;0.4211817925107494;0.0;0.1225237804557206;0.0;0.2799353455331656;0.0;0.0;0.0;0.0;7/50;16.0;(16184, [1], 77);41.12631034851074;0.0;[0.8]
155;model6_156_l-150_l-10_d-0.2;{'name': 'model6_156_l-150_l-10_d-0.2', 'layers': [{'type': 'lstm', 'cells': 150, 'dropout': 0.2, 'stateful': True, 'ret_seq': True}, {'type': 'lstm', 'cells': 10, 'dropout': 0.2, 'stateful': True, 'ret_seq': False}], 'batch_size': 16, 'timesteps': 1};0.2;0.5047385116626955;0.0;0.44811048871654513;0.0;0.12365304952542676;0.0;0.28183975395294697;0.0;0.0;0.0;0.0;6/50;16.0;(16184, [1], 77);46.73323035240173;0.0;[0.8]
156;model6_157_l-150_l-10_l-10;{'name': 'model6_157_l-150_l-10_l-10', 'layers': [{'type': 'lstm', 'cells': 150, 'dropout': 0, 'stateful': True, 'ret_seq': True}, {'type': 'lstm', 'cells': 10, 'dropout': 0, 'stateful': True, 'ret_seq': True}, {'type': 'lstm', 'cells': 10, 'dropout': 0, 'stateful': True, 'ret_seq': False}], 'batch_size': 16, 'timesteps': 1};0.0;0.9052629073660439;0.0;0.7059499393913743;0.0;0.4880863167345524;0.0;0.5828002000061592;0.0;0.0;0.0;0.0;1/50;16.0;(16184, [1], 77);35.084876537323;0.0;[0.8]
157;model6_158_l-150_l-10_l-10_d-0.1;{'name': 'model6_158_l-150_l-10_l-10_d-0.1', 'layers': [{'type': 'lstm', 'cells': 150, 'dropout': 0.1, 'stateful': True, 'ret_seq': True}, {'type': 'lstm', 'cells': 10, 'dropout': 0.1, 'stateful': True, 'ret_seq': True}, {'type': 'lstm', 'cells': 10, 'dropout': 0.1, 'stateful': True, 'ret_seq': False}], 'batch_size': 16, 'timesteps': 1};0.1;0.4961277103518931;0.0;0.4442584371868848;0.0;0.10062097025906096;0.0;0.2517304933159658;0.0;0.0;0.0;0.0;9/50;16.0;(16184, [1], 77);63.1220703125;0.0;[0.8]
158;model6_159_l-150_l-10_l-10_d-0.2;{'name': 'model6_159_l-150_l-10_l-10_d-0.2', 'layers': [{'type': 'lstm', 'cells': 150, 'dropout': 0.2, 'stateful': True, 'ret_seq': True}, {'type': 'lstm', 'cells': 10, 'dropout': 0.2, 'stateful': True, 'ret_seq': True}, {'type': 'lstm', 'cells': 10, 'dropout': 0.2, 'stateful': True, 'ret_seq': False}], 'batch_size': 16, 'timesteps': 1};0.2;0.5206691760371804;0.0;0.4650175586913808;0.0;0.11453530322391503;0.0;0.26823257201231354;0.0;0.0;0.0;0.0;6/50;16.0;(16184, [1], 77);49.850626707077026;0.0;[0.8]
159;model6_160_l-150_l-10_l-20;{'name': 'model6_160_l-150_l-10_l-20', 'layers': [{'type': 'lstm', 'cells': 150, 'dropout': 0, 'stateful': True, 'ret_seq': True}, {'type': 'lstm', 'cells': 10, 'dropout': 0, 'stateful': True, 'ret_seq': True}, {'type': 'lstm', 'cells': 20, 'dropout': 0, 'stateful': True, 'ret_seq': False}], 'batch_size': 16, 'timesteps': 1};0.0;0.4980850218886185;0.0;0.44285060858586517;0.0;0.1116065673649975;0.0;0.2636800400617689;0.0;0.0;0.0;0.0;5/50;16.0;(16184, [1], 77);49.143330812454224;0.0;[0.8]
160;model6_161_l-150_l-10_l-20_d-0.1;{'name': 'model6_161_l-150_l-10_l-20_d-0.1', 'layers': [{'type': 'lstm', 'cells': 150, 'dropout': 0.1, 'stateful': True, 'ret_seq': True}, {'type': 'lstm', 'cells': 10, 'dropout': 0.1, 'stateful': True, 'ret_seq': True}, {'type': 'lstm', 'cells': 20, 'dropout': 0.1, 'stateful': True, 'ret_seq': False}], 'batch_size': 16, 'timesteps': 1};0.1;0.49198398379118574;0.0;0.4426589470692854;0.0;0.10650990812089478;0.0;0.2577131389465072;0.0;0.0;0.0;0.0;7/50;16.0;(16184, [1], 77);51.20949101448059;0.0;[0.8]
161;model6_162_l-150_l-10_l-20_d-0.2;{'name': 'model6_162_l-150_l-10_l-20_d-0.2', 'layers': [{'type': 'lstm', 'cells': 150, 'dropout': 0.2, 'stateful': True, 'ret_seq': True}, {'type': 'lstm', 'cells': 10, 'dropout': 0.2, 'stateful': True, 'ret_seq': True}, {'type': 'lstm', 'cells': 20, 'dropout': 0.2, 'stateful': True, 'ret_seq': False}], 'batch_size': 16, 'timesteps': 1};0.2;0.5097556637464222;0.0;0.4548254993977889;0.0;0.11501987651451537;0.0;0.26907036519876804;0.0;0.0;0.0;0.0;6/50;16.0;(16184, [1], 77);51.280784606933594;0.0;[0.8]
162;model6_163_l-150_l-20;{'name': 'model6_163_l-150_l-20', 'layers': [{'type': 'lstm', 'cells': 150, 'dropout': 0, 'stateful': True, 'ret_seq': True}, {'type': 'lstm', 'cells': 20, 'dropout': 0, 'stateful': True, 'ret_seq': False}], 'batch_size': 16, 'timesteps': 1};0.0;0.47275017082981297;0.0;0.42286294689505594;0.0;0.11993891530033976;0.0;0.27737702211678616;0.0;0.0;0.0;0.0;4/50;16.0;(16184, [1], 77);35.45059537887573;0.0;[0.8]
163;model6_164_l-150_l-20_d-0.1;{'name': 'model6_164_l-150_l-20_d-0.1', 'layers': [{'type': 'lstm', 'cells': 150, 'dropout': 0.1, 'stateful': True, 'ret_seq': True}, {'type': 'lstm', 'cells': 20, 'dropout': 0.1, 'stateful': True, 'ret_seq': False}], 'batch_size': 16, 'timesteps': 1};0.1;0.46015902642017903;0.0;0.41333790453166985;0.0;0.1130867171617649;0.0;0.2690387322834813;0.0;0.0;0.0;0.0;7/50;16.0;(16184, [1], 77);57.864750146865845;0.0;[0.8]
164;model6_165_l-150_l-20_d-0.2;{'name': 'model6_165_l-150_l-20_d-0.2', 'layers': [{'type': 'lstm', 'cells': 150, 'dropout': 0.2, 'stateful': True, 'ret_seq': True}, {'type': 'lstm', 'cells': 20, 'dropout': 0.2, 'stateful': True, 'ret_seq': False}], 'batch_size': 16, 'timesteps': 1};0.2;0.46361897202330665;0.0;0.41509727064441837;0.0;0.12196281726130902;0.0;0.2790522558042909;0.0;0.0;0.0;0.0;7/50;16.0;(16184, [1], 77);47.281949281692505;0.0;[0.8]
165;model6_166_l-150_l-20_l-10;{'name': 'model6_166_l-150_l-20_l-10', 'layers': [{'type': 'lstm', 'cells': 150, 'dropout': 0, 'stateful': True, 'ret_seq': True}, {'type': 'lstm', 'cells': 20, 'dropout': 0, 'stateful': True, 'ret_seq': True}, {'type': 'lstm', 'cells': 10, 'dropout': 0, 'stateful': True, 'ret_seq': False}], 'batch_size': 16, 'timesteps': 1};0.0;0.4492600569501519;0.0;0.40551820630380336;0.0;0.10985755225145581;0.0;0.26413108227719173;0.0;0.0;0.0;0.0;8/50;16.0;(16184, [1], 77);57.13295793533325;0.0;[0.8]
166;model6_167_l-150_l-20_l-10_d-0.1;{'name': 'model6_167_l-150_l-20_l-10_d-0.1', 'layers': [{'type': 'lstm', 'cells': 150, 'dropout': 0.1, 'stateful': True, 'ret_seq': True}, {'type': 'lstm', 'cells': 20, 'dropout': 0.1, 'stateful': True, 'ret_seq': True}, {'type': 'lstm', 'cells': 10, 'dropout': 0.1, 'stateful': True, 'ret_seq': False}], 'batch_size': 16, 'timesteps': 1};0.1;0.5006589619753645;0.0;0.4447029544171798;0.0;0.10880637203002035;0.0;0.2636534323049064;0.0;0.0;0.0;0.0;6/50;16.0;(16184, [1], 77);58.888995885849;0.0;[0.8]
167;model6_168_l-150_l-20_l-10_d-0.2;{'name': 'model6_168_l-150_l-20_l-10_d-0.2', 'layers': [{'type': 'lstm', 'cells': 150, 'dropout': 0.2, 'stateful': True, 'ret_seq': True}, {'type': 'lstm', 'cells': 20, 'dropout': 0.2, 'stateful': True, 'ret_seq': True}, {'type': 'lstm', 'cells': 10, 'dropout': 0.2, 'stateful': True, 'ret_seq': False}], 'batch_size': 16, 'timesteps': 1};0.2;0.4978698408680108;0.0;0.44342831870349875;0.0;0.10635157604471292;0.0;0.25786850723152116;0.0;0.0;0.0;0.0;8/50;16.0;(16184, [1], 77);57.65851378440857;0.0;[0.8]
168;model6_169_l-150_l-20_l-20;{'name': 'model6_169_l-150_l-20_l-20', 'layers': [{'type': 'lstm', 'cells': 150, 'dropout': 0, 'stateful': True, 'ret_seq': True}, {'type': 'lstm', 'cells': 20, 'dropout': 0, 'stateful': True, 'ret_seq': True}, {'type': 'lstm', 'cells': 20, 'dropout': 0, 'stateful': True, 'ret_seq': False}], 'batch_size': 16, 'timesteps': 1};0.0;0.4212774826278185;0.0;0.38109841382842424;0.0;0.1117051699530739;0.0;0.26543493436114624;0.0;0.0;0.0;0.0;10/50;16.0;(16184, [1], 77);76.7170352935791;0.0;[0.8]
169;model6_170_l-150_l-20_l-20_d-0.1;{'name': 'model6_170_l-150_l-20_l-20_d-0.1', 'layers': [{'type': 'lstm', 'cells': 150, 'dropout': 0.1, 'stateful': True, 'ret_seq': True}, {'type': 'lstm', 'cells': 20, 'dropout': 0.1, 'stateful': True, 'ret_seq': True}, {'type': 'lstm', 'cells': 20, 'dropout': 0.1, 'stateful': True, 'ret_seq': False}], 'batch_size': 16, 'timesteps': 1};0.1;0.4976151133524841;0.0;0.4468539061188256;0.0;0.11486876325792458;0.0;0.26867184253169757;0.0;0.0;0.0;0.0;6/50;16.0;(16184, [1], 77);66.25141978263855;0.0;[0.8]
170;model6_171_l-150_l-20_l-20_d-0.2;{'name': 'model6_171_l-150_l-20_l-20_d-0.2', 'layers': [{'type': 'lstm', 'cells': 150, 'dropout': 0.2, 'stateful': True, 'ret_seq': True}, {'type': 'lstm', 'cells': 20, 'dropout': 0.2, 'stateful': True, 'ret_seq': True}, {'type': 'lstm', 'cells': 20, 'dropout': 0.2, 'stateful': True, 'ret_seq': False}], 'batch_size': 16, 'timesteps': 1};0.2;0.4809321056019943;0.0;0.43406693271749247;0.0;0.11289579524557189;0.0;0.26481844872088717;0.0;0.0;0.0;0.0;10/50;16.0;(16184, [1], 77);80.89015364646912;0.0;[0.8]
171;model6_172_l-150_l-50;{'name': 'model6_172_l-150_l-50', 'layers': [{'type': 'lstm', 'cells': 150, 'dropout': 0, 'stateful': True, 'ret_seq': True}, {'type': 'lstm', 'cells': 50, 'dropout': 0, 'stateful': True, 'ret_seq': False}], 'batch_size': 16, 'timesteps': 1};0.0;0.4528035689594295;0.0;0.40744971007808617;0.0;0.11273894675241986;0.0;0.26742364480943964;0.0;0.0;0.0;0.0;5/50;16.0;(16184, [1], 77);39.04595732688904;0.0;[0.8]
172;model6_173_l-150_l-50_d-0.1;{'name': 'model6_173_l-150_l-50_d-0.1', 'layers': [{'type': 'lstm', 'cells': 150, 'dropout': 0.1, 'stateful': True, 'ret_seq': True}, {'type': 'lstm', 'cells': 50, 'dropout': 0.1, 'stateful': True, 'ret_seq': False}], 'batch_size': 16, 'timesteps': 1};0.1;0.48568070928217344;0.0;0.42935776261080916;0.0;0.12745429898178814;0.0;0.28437597894727595;0.0;0.0;0.0;0.0;6/50;16.0;(16184, [1], 77);39.61374545097351;0.0;[0.8]
173;model6_174_l-150_l-50_d-0.2;{'name': 'model6_174_l-150_l-50_d-0.2', 'layers': [{'type': 'lstm', 'cells': 150, 'dropout': 0.2, 'stateful': True, 'ret_seq': True}, {'type': 'lstm', 'cells': 50, 'dropout': 0.2, 'stateful': True, 'ret_seq': False}], 'batch_size': 16, 'timesteps': 1};0.2;0.4674117169118451;0.0;0.42204259689644036;0.0;0.11488144351215572;0.0;0.26966275555072444;0.0;0.0;0.0;0.0;6/50;16.0;(16184, [1], 77);64.33261132240295;0.0;[0.8]
174;model6_175_l-150_l-50_l-10;{'name': 'model6_175_l-150_l-50_l-10', 'layers': [{'type': 'lstm', 'cells': 150, 'dropout': 0, 'stateful': True, 'ret_seq': True}, {'type': 'lstm', 'cells': 50, 'dropout': 0, 'stateful': True, 'ret_seq': True}, {'type': 'lstm', 'cells': 10, 'dropout': 0, 'stateful': True, 'ret_seq': False}], 'batch_size': 16, 'timesteps': 1};0.0;0.45365240181679983;0.0;0.4101874851638955;0.0;0.10813749991219011;0.0;0.26109372156828936;0.0;0.0;0.0;0.0;8/50;16.0;(16184, [1], 77);69.54505157470703;0.0;[0.8]
175;model6_176_l-150_l-50_l-10_d-0.1;{'name': 'model6_176_l-150_l-50_l-10_d-0.1', 'layers': [{'type': 'lstm', 'cells': 150, 'dropout': 0.1, 'stateful': True, 'ret_seq': True}, {'type': 'lstm', 'cells': 50, 'dropout': 0.1, 'stateful': True, 'ret_seq': True}, {'type': 'lstm', 'cells': 10, 'dropout': 0.1, 'stateful': True, 'ret_seq': False}], 'batch_size': 16, 'timesteps': 1};0.1;0.511702249367688;0.0;0.45632337707892634;0.0;0.110125824569328;0.0;0.2631965572807458;0.0;0.0;0.0;0.0;5/50;16.0;(16184, [1], 77);71.00512933731079;0.0;[0.8]
176;model6_177_l-150_l-50_l-10_d-0.2;{'name': 'model6_177_l-150_l-50_l-10_d-0.2', 'layers': [{'type': 'lstm', 'cells': 150, 'dropout': 0.2, 'stateful': True, 'ret_seq': True}, {'type': 'lstm', 'cells': 50, 'dropout': 0.2, 'stateful': True, 'ret_seq': True}, {'type': 'lstm', 'cells': 10, 'dropout': 0.2, 'stateful': True, 'ret_seq': False}], 'batch_size': 16, 'timesteps': 1};0.2;0.49822530507401314;0.0;0.44543957704740345;0.0;0.10844512907603737;0.0;0.2617078142443506;0.0;0.0;0.0;0.0;8/50;16.0;(16184, [1], 77);63.83876919746399;0.0;[0.8]
177;model6_178_l-150_l-50_l-20;{'name': 'model6_178_l-150_l-50_l-20', 'layers': [{'type': 'lstm', 'cells': 150, 'dropout': 0, 'stateful': True, 'ret_seq': True}, {'type': 'lstm', 'cells': 50, 'dropout': 0, 'stateful': True, 'ret_seq': True}, {'type': 'lstm', 'cells': 20, 'dropout': 0, 'stateful': True, 'ret_seq': False}], 'batch_size': 16, 'timesteps': 1};0.0;0.4465517474739031;0.0;0.40687743527411824;0.0;0.11612033577967841;0.0;0.2732974989063079;0.0;0.0;0.0;0.0;8/50;16.0;(16184, [1], 77);62.66906976699829;0.0;[0.8]
178;model6_179_l-150_l-50_l-20_d-0.1;{'name': 'model6_179_l-150_l-50_l-20_d-0.1', 'layers': [{'type': 'lstm', 'cells': 150, 'dropout': 0.1, 'stateful': True, 'ret_seq': True}, {'type': 'lstm', 'cells': 50, 'dropout': 0.1, 'stateful': True, 'ret_seq': True}, {'type': 'lstm', 'cells': 20, 'dropout': 0.1, 'stateful': True, 'ret_seq': False}], 'batch_size': 16, 'timesteps': 1};0.1;0.48623288634183676;0.0;0.4377512418479648;0.0;0.10629035423666534;0.0;0.259044249827909;0.0;0.0;0.0;0.0;7/50;16.0;(16184, [1], 77);64.83345937728882;0.0;[0.8]
179;model6_180_l-150_l-50_l-20_d-0.2;{'name': 'model6_180_l-150_l-50_l-20_d-0.2', 'layers': [{'type': 'lstm', 'cells': 150, 'dropout': 0.2, 'stateful': True, 'ret_seq': True}, {'type': 'lstm', 'cells': 50, 'dropout': 0.2, 'stateful': True, 'ret_seq': True}, {'type': 'lstm', 'cells': 20, 'dropout': 0.2, 'stateful': True, 'ret_seq': False}], 'batch_size': 16, 'timesteps': 1};0.2;0.5013487565392175;0.0;0.4477402212832708;0.0;0.11620536484377514;0.0;0.26916207860011865;0.0;0.0;0.0;0.0;6/50;16.0;(16184, [1], 77);57.6574010848999;0.0;[0.8]
